clade_name	EFP1	EFP2	EFP3	EFP4	EK1	EK2	EK3	EK4	EHH1	EHH2	EHH3	EHH4	BM1	BM2	BM3	BM4	GS1	GS2	GS3	GS4	GN1
Arthrobacter_gengyunqii	0.00327	0.0	0.0	0.0	0.0	0.0	0.0	0.0	0.0	0.0	0.0	0.0	4.57188	9.36324	4.35663	1.24999	0.0	0.0	0.0	0.0	0.0
Arthrobacter_sunyaminii	0.02289	0.0	0.0	0.0	0.0	0.0	0.0	0.0	0.0	0.0	0.0	0.0	3.72271	9.17401	3.74489	1.06067	0.0	0.0	0.0	0.0	0.0
GGB35775_SGB48092	0.0	0.0	0.0	0.0	0.0	0.0	0.0	0.0	0.0	0.0	0.0	0.0	3.23792	2.33569	6.12541	1.67947	0.0	0.0	0.0	0.0	0.0
GGB81852_SGB112496	0.0	0.0	0.0	0.0	0.0	0.0	0.0	0.0	0.0	0.0	0.0	0.0	2.70896	0.0	2.98947	2.8605	0.0	0.0	0.0	0.0	0.0
GGB81963_SGB113206	0.0	0.0	0.0	0.0	0.0	0.0	0.0	0.0	0.0	0.0	0.0	0.0	2.7035	0.16607	1.17002	1.59575	0.0	0.0	0.0	0.0	0.0
GGB141963_SGB113201	0.0	0.0	0.0	0.0	0.0	0.0	0.0	0.0	0.0	0.0	0.0	0.0	2.63505	0.00014	2.38668	2.06586	0.0	0.0	0.0	0.0	0.0
GGB53080_SGB114531	0.0	0.0	0.0	0.0	0.0	0.0	0.0	0.0	0.0	0.0	0.0	0.0	2.39541	2.16282	0.46322	0.87003	0.0	0.0	0.0	0.0	0.0
Arthrobacter_jiangjiafuii	0.0	0.0	0.0056	0.0	0.0	0.0	0.0	0.0	0.44076	0.0	0.0	0.0	2.37401	2.45886	1.00764	0.27363	0.0027	0.01882	0.01015	0.00072	0.0
GGB35775_SGB112530	0.0	0.0	0.0	0.0	0.0	0.0	0.0	0.0	0.0	0.0	0.0	0.0	2.31298	0.32982	2.0155	0.0	0.0	0.0	0.0	0.0	0.0
GGB58277_SGB120052	0.0	0.0	0.0	0.0	0.0	0.0	0.0	0.0	0.0	0.0	0.0	0.0	2.10137	0.55461	1.01562	0.99781	0.0	0.0	0.0	0.0	0.0
GGB50466_SGB113167	0.0	0.0	0.0	0.0	0.0	0.0	0.0	0.0	0.0	0.0	0.0	0.0	1.98398	0.04507	1.61161	0.14357	0.0	0.0	0.0	0.0	0.0
GGB82872_SGB114862	0.0	0.0	0.0	0.0	0.0	0.0	0.0	0.0	0.0	0.0	0.0	0.0	1.66623	0.27178	0.0	0.0	0.0	0.0	0.0	0.0	0.0
GGB74363_SGB113777	0.0	0.0	0.0	0.0	0.0	0.0	0.0	0.0	0.0	0.0	0.0	0.0	1.50433	1.97133	0.1348	0.58458	0.0	0.0	0.0	0.0	0.0
GGB82828_SGB114886	0.0	0.0	0.0	0.0	0.0	0.0	0.0	0.0	0.0	0.0	0.0	0.0	1.439	0.3529	0.56958	0.28528	0.0	0.0	0.0	0.0	0.0
GGB81882_SGB112610	0.0	0.0	0.0	0.0	0.0	0.0	0.0	0.0	0.0	0.0	0.0	0.0	1.43454	0.09539	1.02648	0.0372	0.0	0.0	0.0	0.0	0.0
GGB81877_SGB112577	0.0	0.0	0.0	0.0	0.0	0.0	0.0	0.0	0.0	0.0	0.0	0.0	1.32306	0.0762	1.07498	0.77153	0.0	0.0	0.0	0.0	0.0
GGB141397_SGB53254	0.0	0.0	0.0	0.0	0.0	0.0	0.0	0.0	0.0	0.0	0.0	0.0	1.30134	0.09398	0.11035	1.6306	0.0	0.0	0.0	0.0	0.0
GGB56321_SGB113200	0.0	0.0	0.0	0.0	0.0	0.0	0.0	0.0	0.0	0.0	0.0	0.0	1.2844	1.09292	0.60448	1.47316	0.0	0.0	0.0	0.0	0.0
GGB37155_SGB48094	0.0	0.0	0.0	0.0	0.0	0.0	0.0	0.0	0.0	0.0	0.0	0.0	1.18551	0.0	1.53586	1.22212	0.0	0.0	0.0	0.0	0.0
GGB81851_SGB112497	0.0	0.0	0.0	0.0	0.0	0.0	0.0	0.0	0.0	0.0	0.0	0.0	1.13397	0.0	1.07829	0.95803	0.0	0.0	0.0	0.0	0.0
GGB82253_SGB113760	0.0	0.0	0.0	0.0	0.0	0.0	0.0	0.0	0.0	0.0	0.0	0.0	0.97172	0.24801	0.50441	0.50171	0.0	0.0	0.0	0.0	0.0
GGB81660_SGB112855	0.0	0.0	0.0	0.0	0.0	0.0	0.0	0.0	0.0	0.0	0.0	0.0	0.97052	0.50533	0.23062	0.3247	0.0	0.0	0.0	0.0	0.0
GGB50360_SGB70439	0.0	0.0	0.0	0.0	0.0	0.0	0.0	0.0	0.0	0.0	0.0	0.0	0.96932	0.29802	0.98445	1.82943	0.0	0.0	0.0	0.0	0.0
GGB24202_SGB36012	0.0	0.0	0.0	0.0	0.0	0.0	0.0	0.0	0.0	0.0	0.0	0.0	0.92697	1.92514	0.2615	0.07548	0.0	0.0	0.0	0.0	0.0
GGB84626_SGB120351	0.0	0.0	0.0	0.0	0.0	0.0	0.0	0.0	0.0	0.0	0.0	0.0	0.92424	0.35087	0.33183	0.82494	0.0	0.0	0.0	0.0	0.0
GGB81952_SGB113147	0.0	0.0	0.0	0.0	0.0	0.0	0.0	0.0	0.0	0.0	0.0	0.0	0.90547	1.93549	2.04225	1.60846	0.0	0.0	0.0	0.0	0.0
GGB81950_SGB113129	0.0	0.0	0.0	0.0	0.0	0.0	0.0	0.0	0.0	0.0	0.0	0.0	0.85019	0.91536	0.10673	0.08703	0.0	0.0	0.0	0.0	0.0
GGB84424_SGB120095	0.0	0.0	0.0	0.0	0.0	0.0	0.0	0.0	0.0	0.0	0.0	0.0	0.76672	0.09141	0.67913	1.89782	0.0	0.0	0.0	0.0	0.0
GGB82225_SGB113713	0.0	0.0	0.0	0.0	0.0	0.0	0.0	0.0	0.0	0.0	0.0	0.0	0.74326	0.64798	0.30335	0.07746	0.0	0.0	0.0	0.0	0.0
GGB68817_SGB114542	0.0	0.0	0.0	0.0	0.0	0.0	0.0	0.0	0.0	0.0	0.0	0.0	0.73249	0.94627	0.53837	0.18638	0.0	0.0	0.0	0.0	0.0
GGB143176_SGB114514	0.0	0.0	0.0	0.0	0.0	0.0	0.0	0.0	0.0	0.0	0.0	0.0	0.73074	0.05005	0.67709	0.0479	0.0	0.0	0.0	0.0	0.0
Arthrobacter_SGB107631	0.76231	2.09756	3.81345	3.35047	0.23828	0.03848	0.0	0.0	2.05885	0.0897	0.02394	0.08144	0.71349	0.98167	0.93948	0.21109	0.32559	2.12619	0.49866	0.09242	0.0
GGB39511_SGB113062	0.0	0.0	0.0	0.0	0.0	0.0	0.0	0.0	0.0	0.0	0.0	0.0	0.70368	1.0875	0.26225	0.27124	0.0	0.0	0.0	0.0	0.0
GGB70902_SGB95357	0.0	0.0	0.0	0.0	0.0	0.0	0.0	0.0	0.0	0.0	0.0	0.0	0.6954	0.29548	0.39515	1.06075	0.0	0.07447	0.14816	0.0137	0.0
GGB81693_SGB112830	0.0	0.0	0.0	0.0	0.0	0.0	0.0	0.0	0.0	0.0	0.0	0.0	0.66884	0.77436	0.24383	0.24239	0.0	0.0	0.0	0.0	0.0
GGB24796_SGB114506	0.0	0.0	0.0	0.0	0.0	0.0	0.0	0.0	0.0	0.0	0.0	0.0	0.66055	0.76475	1.52559	0.92311	0.0	0.0	0.0	0.0	0.0
GGB50303_SGB70379	0.0	0.0	0.0	0.0	0.0	0.0	0.0	0.0	0.0	0.0	0.0	0.0	0.65841	0.45161	0.15415	0.0	0.0	0.0	0.0	0.0	0.0
GGB81960_SGB113180	0.0	0.0	0.0	0.0	0.0	0.0	0.0	0.0	0.0	0.0	0.0	0.0	0.65425	0.0	0.611	0.17192	0.0	0.0	0.0	0.0	0.0
GGB74269_SGB48157	0.0	0.0	0.0	0.0	0.0	0.0	0.0	0.0	0.0	0.0	0.0	0.0	0.64792	0.5245	0.57888	0.71684	0.0	0.0	0.0	0.0	0.0
GGB82821_SGB114879	0.0	0.0	0.0	0.0	0.0	0.0	0.0	0.0	0.0	0.0	0.0	0.0	0.64019	0.08678	0.32015	0.50469	0.0	0.0	0.0	0.0	0.0
GGB50437_SGB70527	0.0	0.0	0.0	0.0	0.0	0.0	0.0	0.0	0.0	0.0	0.0	0.0	0.61688	0.00552	1.03653	0.37769	0.0	0.0	0.0	0.0	0.0
GGB81843_SGB112487	0.0	0.0	0.0	0.0	0.0	0.0	0.0	0.0	0.0	0.0	0.0	0.0	0.59847	0.69404	1.07402	4.4727	0.0	0.0	0.0	0.0	0.0
GGB81668_SGB112974	0.0	0.0	0.0	0.0	0.0	0.0	0.0	0.0	0.0	0.0	0.0	0.0	0.58075	0.65429	0.0	0.0011	0.0	0.0	0.0	0.0	0.0
GGB82269_SGB113814	0.0	0.0	0.0	0.0	0.0	0.0	0.0	0.0	0.0	0.0	0.0	0.0	0.56646	0.06463	0.24673	0.52459	0.0	0.0	0.0	0.0	0.0
GGB83343_SGB116998	0.0	0.0	0.0	0.0	0.0	0.0	0.0	0.0	0.0	0.0	0.0	0.0	0.55057	0.58392	0.02577	0.08109	0.0	0.0	0.0	0.0	0.0
GGB82863_SGB213348	0.0	0.0	0.0	0.0	0.0	0.0	0.0	0.0	0.0	0.0	0.0	0.0	0.54658	0.14846	0.10471	0.07425	0.0	0.0	0.0	0.0	0.0
GGB81846_SGB112486	0.0	0.0	0.0	0.0	0.0	0.0	0.0	0.0	0.0	0.0	0.0	0.0	0.54283	0.01519	0.41487	0.41129	0.0	0.0	0.0	0.0	0.0
GGB84425_SGB120103	0.0	0.0	0.0	0.0	0.0	0.0	0.0	0.0	0.0	0.0	0.0	0.0	0.53433	0.0256	0.33015	1.05522	0.0	0.0	0.0	0.0	0.0
GGB82250_SGB113754	0.0	0.0	0.0	0.0	0.0	0.0	0.0	0.0	0.0	0.0	0.0	0.0	0.53059	0.01126	0.16618	0.10532	0.0	0.0	0.0	0.0	0.0
GGB81965_SGB113158	0.0	0.0	0.0	0.0	0.0	0.0	0.0	0.0	0.0	0.0	0.0	0.0	0.52657	0.79115	0.32474	0.62828	0.0	0.0	0.0	0.0	0.0
GGB34404_SGB73808	0.0	0.0	0.0	0.0	0.0	0.0	0.0	0.0	0.0	0.0	0.0	0.0	0.52381	0.12831	0.0	0.0	0.0	0.0	0.0	0.0	0.0
GGB81894_SGB112365	0.0	0.0	0.0	0.0	0.0	0.0	0.0	0.0	0.0	0.0	0.0	0.0	0.52267	0.0	0.03662	0.0	0.0	0.0	0.0	0.0	0.0
GGB81717_SGB112962	0.0	0.0	0.0	0.0	0.0	0.0	0.0	0.0	0.0	0.0	0.0	0.0	0.51928	0.47697	0.3484	0.4523	0.0	0.0	0.0	0.0	0.0
GGB58482_SGB80140	0.0	0.0	0.0	0.0	0.0	0.0	0.0	0.0	0.0	0.0	0.0	0.0	0.51127	0.28953	0.20338	0.2357	0.0	0.0	0.0	0.0	0.0
GGB112676_SGB58512	0.0	0.0	0.0	0.0	0.0	0.0	0.0	0.0	0.0	0.0	0.0	0.0	0.50295	0.11375	0.24123	5.29544	0.0	0.0	0.0	0.0	0.0
GGB53080_SGB114532	0.0	0.0	0.0	0.0	0.0	0.0	0.0	0.0	0.0	0.0	0.0	0.0	0.49314	0.31768	1.05156	0.44413	0.0	0.0	0.0	0.0	0.0
GGB66982_SGB111871	0.0	0.0	0.0	0.0	0.0	0.0	0.0	0.0	0.0	0.0	0.0	0.0	0.48523	0.19919	0.57694	1.77489	0.0	0.0	0.0	0.0	0.0
GGB61862_SGB114734	0.0	0.0	0.0	0.0	0.0	0.0	0.0	0.0	0.0	0.0	0.0	0.0	0.48505	0.0	0.45485	0.6051	0.0	0.0	0.0	0.0	0.0
GGB74363_SGB113768	0.0	0.0	0.0	0.0	0.0	0.0	0.0	0.0	0.0	0.0	0.0	0.0	0.48307	0.0	0.36838	0.40184	0.0	0.0	0.0	0.0	0.0
GGB81856_SGB112430	0.0	0.0	0.0	0.0	0.0	0.0	0.0	0.0	0.0	0.0	0.0	0.0	0.48227	0.10522	0.18976	4.26043	0.0	0.0	0.0	0.0	0.0
GGB56398_SGB113691	0.0	0.0	0.0	0.0	0.0	0.0	0.0	0.0	0.0	0.0	0.0	0.0	0.47475	1.36602	0.6374	0.26081	0.0	0.0	0.0	0.0	0.0
GGB81880_SGB112591	0.0	0.0	0.0	0.0	0.0	0.0	0.0	0.0	0.0	0.0	0.0	0.0	0.46013	0.50238	0.0	0.26497	0.0	0.0	0.0	0.0	0.0
GGB81890_SGB112343	0.0	0.0	0.0	0.0	0.0	0.0	0.0	0.0	0.0	0.0	0.0	0.0	0.45181	0.09426	0.47196	0.41953	0.0	0.0	0.0	0.0	0.0
GGB83312_SGB116905	0.0	0.0	0.0	0.0	0.0	0.0	0.0	0.0	0.0	0.0	0.0	0.0	0.44569	0.06051	0.16338	0.33771	0.0	0.0	0.0	0.0	0.0
GGB40324_SGB48413	0.0	0.0	0.0	0.0	0.0	0.0	0.0	0.0	0.0	0.0	0.0	0.0	0.43278	0.07747	0.76766	0.8173	0.0	0.0	0.0	0.0	0.0
GGB81958_SGB113178	0.0	0.0	0.0	0.0	0.0	0.0	0.0	0.0	0.0	0.0	0.0	0.0	0.42918	0.08073	0.40678	0.68565	0.0	0.0	0.0	0.0	0.0
GGB84464_SGB120798	0.0	0.0	0.0	0.0	0.0	0.0	0.0	0.0	0.0	0.0	0.0	0.0	0.42139	0.0	0.1657	0.0	0.0	0.07478	0.0	0.0	0.0
GGB35775_SGB112539	0.0	0.0	0.0	0.0	0.0	0.0	0.0	0.0	0.0	0.0	0.0	0.0	0.41762	2.35039	0.38543	0.69141	0.0	0.0	0.0	0.0	0.0
GGB50180_SGB70246	0.0	0.0	0.0	0.0	0.0	0.0	0.0	0.0	0.0	0.0	0.0	0.0	0.41439	0.36789	1.16634	0.63355	0.0	0.0	0.0	0.0	0.0
GGB82235_SGB113789	0.0	0.0	0.0	0.0	0.0	0.0	0.0	0.0	0.0	0.0	0.0	0.0	0.41076	1.90396	0.19266	1.00776	0.0	0.0	0.0	0.0	0.0
GGB61640_SGB114905	0.0	0.0	0.0	0.0	0.0	0.0	0.0	0.0	0.0	0.0	0.0	0.0	0.40015	0.10049	0.4446	0.17796	0.0	0.0	0.0	0.0	0.0
GGB81794_SGB113052	0.0	0.0	0.0	0.0	0.0	0.0	0.0	0.0	0.0	0.0	0.0	0.0	0.39783	0.3971	0.33352	0.16384	0.0	0.0	0.0	0.0	0.0
GGB81705_SGB112956	0.0	0.0	0.0	0.0	0.0	0.0	0.0	0.0	0.0	0.0	0.0	0.0	0.37017	0.11378	0.36044	0.44153	0.0	0.0	0.0	0.0	0.0
GGB74363_SGB113775	0.0	0.0	0.0	0.0	0.0	0.0	0.0	0.0	0.0	0.0	0.0	0.0	0.36991	0.40053	1.66712	0.01696	0.0	0.0	0.0	0.0	0.0
GGB61862_SGB83991	0.0	0.0	0.0	0.0	0.0	0.0	0.0	0.0	0.0	0.0	0.0	0.0	0.36751	0.07917	1.10259	1.03503	0.0	0.0	0.0	0.0	0.0
GGB53080_SGB114530	0.0	0.0	0.0	0.0	0.0	0.0	0.0	0.0	0.0	0.0	0.0	0.0	0.36182	1.47608	0.37187	0.35407	0.0	0.0	0.0	0.0	0.0
GGB81701_SGB112896	0.0	0.0	0.0	0.0	0.0	0.0	0.0	0.0	0.0	0.0	0.0	0.0	0.36065	0.52019	0.44276	0.09083	0.0	0.0	0.0	0.0	0.0
GGB82170_SGB208770	0.0	0.0	0.0	0.0	0.0	0.0	0.0	0.0	0.0	0.0	0.0	0.0	0.36034	1.08721	0.54749	0.09317	0.0	0.0	0.0	0.0	0.0
GGB56461_SGB112353	0.0	0.0	0.0	0.0	0.0	0.0	0.0	0.0	0.0	0.0	0.0	0.0	0.35148	0.53046	0.45317	0.25876	0.0	0.0	0.0	0.0	0.0
GGB82177_SGB113631	0.0	0.0	0.0	0.0	0.0	0.0	0.0	0.0	0.0	0.0	0.0	0.0	0.34822	0.0083	0.00423	0.0	0.0	0.0	0.0	0.0	0.0
GGB36256_SGB48155	0.0	0.0	0.0	0.0	0.0	0.0	0.0	0.0	0.0	0.0	0.0	0.0	0.34579	0.69621	0.22903	0.6548	0.0	0.0	0.0	0.0	0.0
GGB84716_SGB120483	0.0	0.0	0.0	0.0	0.0	0.0	0.0	0.0	0.0	0.0	0.0	0.0	0.34209	0.05401	0.35066	0.25612	0.0	0.0	0.0	0.0	0.0
GGB70823_SGB95271	0.0	0.0	0.0	0.0	0.0	0.0	0.0	0.0	0.0	0.0	0.0	0.0	0.33112	0.11838	0.25239	0.212	0.0	0.0	0.08136	0.36136	0.0
Arthrobacter_sp_BL_252_APC_1A	0.10758	0.83118	1.44495	0.86352	0.00399	0.0	0.0	0.0	1.04565	0.0	0.0	0.0	0.32933	0.50421	0.52592	0.15256	0.05555	0.17983	0.04	0.00375	0.0
GGB56323_SGB113184	0.0	0.0	0.0	0.0	0.0	0.0	0.0	0.0	0.0	0.0	0.0	0.0	0.32516	0.67234	0.28068	0.17897	0.0	0.0	0.0	0.0	0.0
GGB24202_SGB112124	0.0	0.0	0.0	0.0	0.0	0.0	0.0	0.0	0.0	0.0	0.0	0.0	0.32228	0.0	0.56013	0.0	0.0	0.0	0.0	0.0	0.0
GGB84739_SGB120632	0.0	0.0	0.0	0.0	0.0	0.0	0.0	0.0	0.0	0.0	0.0	0.0	0.3169	0.11917	0.17267	0.7388	0.0	0.02115	0.0041	0.06332	0.0
GGB84844_SGB120714	0.0	0.0	0.0	0.0	0.0	0.0	0.0	0.0	0.0	0.0	0.0	0.0	0.31137	0.04599	0.02795	0.0	0.0	0.0	0.0	0.0	0.0
GGB81705_SGB112955	0.0	0.0	0.0	0.0	0.0	0.0	0.0	0.0	0.0	0.0	0.0	0.0	0.30528	0.98471	0.19616	0.01154	0.0	0.0	0.0	0.0	0.0
GGB56540_SGB113048	0.0	0.0	0.0	0.0	0.0	0.0	0.0	0.0	0.0	0.0	0.0	0.0	0.30453	0.48428	0.23788	0.0617	0.0	0.0	0.0	0.0	0.0
GGB61640_SGB142288	0.0	0.0	0.0	0.0	0.0	0.0	0.0	0.0	0.0	0.0	0.0	0.0	0.29799	0.30331	0.0716	0.14193	0.0	0.0	0.0	0.0	0.0
GGB81660_SGB112852	0.0	0.0	0.0	0.0	0.0	0.0	0.0	0.0	0.0	0.0	0.0	0.0	0.29184	0.15153	0.12902	0.40523	0.0	0.0	0.0	0.0	0.0
Escherichia_coli	0.0	0.00188	0.00649	0.0	0.33591	0.0	0.0	0.0	0.0	0.0	0.11896	0.02711	0.29097	0.04998	0.79654	0.01879	0.11031	0.47708	0.35556	0.0	0.0
GGB84791_SGB120658	0.0	0.0	0.0	0.0	0.0	0.0	0.0	0.0	0.0	0.0	0.0	0.0	0.28369	0.16536	0.00157	0.0	0.0	0.0	0.0	0.0	0.0
GGB40474_SGB49928	0.0	0.0	0.0	0.0	0.0	0.0	0.0	0.0	0.0	0.0	0.0	0.0	0.27639	0.0	0.23608	0.66364	0.0	0.0	0.0	0.0	0.0
GGB81841_SGB112477	0.0	0.0	0.0	0.0	0.0	0.0	0.0	0.0	0.0	0.0	0.0	0.0	0.27579	0.0	0.17237	0.10072	0.0	0.0	0.0	0.0	0.0
GGB25406_SGB37358	0.0	0.0	0.0	0.0	0.0	0.0	0.0	0.0	0.0	0.0	0.0	0.0	0.27313	0.25027	0.26112	0.18999	0.0	0.0	0.0	0.0	0.0
GGB101199_SGB142094	0.0	0.0	0.0	0.0	0.0	0.0	0.0	0.0	0.0	0.0	0.0	0.0	0.27083	0.0	0.24439	0.33089	0.0	0.03297	0.0	0.46473	0.0
GGB61860_SGB83989	0.0	0.0	0.0	0.0	0.0	0.0	0.0	0.0	0.0	0.0	0.0	0.0	0.26669	0.10013	0.38352	0.5326	0.0	0.0	0.0	0.0	0.0
GGB50303_SGB113442	0.0	0.0	0.0	0.0	0.0	0.0	0.0	0.0	0.0	0.0	0.0	0.0	0.25504	1.13895	0.45037	0.07601	0.0	0.0	0.0	0.0	0.0
GGB81963_SGB113207	0.0	0.0	0.0	0.0	0.0	0.0	0.0	0.0	0.0	0.0	0.0	0.0	0.25459	0.12402	0.25651	1.10862	0.0	0.0	0.0	0.0	0.0
GGB50148_SGB70210	0.0	0.0	0.0	0.0	0.0	0.0	0.0	0.0	0.0	0.0	0.0	0.0	0.25169	0.17147	0.25322	0.16135	0.0	0.0	0.0	0.0	0.0
GGB81871_SGB112547	0.0	0.0	0.0	0.0	0.0	0.0	0.0	0.0	0.0	0.0	0.0	0.0	0.24927	0.08201	0.13589	0.25199	0.0	0.0	0.0	0.0	0.0
GGB82220_SGB113891	0.0	0.0	0.0	0.0	0.0	0.0	0.0	0.0	0.0	0.0	0.0	0.0	0.24882	0.20445	0.19559	0.16323	0.0	0.0	0.0	0.0	0.0
GGB82190_SGB113664	0.0	0.0	0.0	0.0	0.0	0.0	0.0	0.0	0.0	0.0	0.0	0.0	0.24437	0.66334	0.0239	0.2378	0.0	0.0	0.0	0.0	0.0
GGB38298_SGB48088	0.0	0.0	0.0	0.0	0.0	0.0	0.0	0.0	0.0	0.0	0.0	0.0	0.24314	0.07608	0.12576	0.05457	0.0	0.0	0.0	0.0	0.0
GGB81685_SGB112916	0.0	0.0	0.0	0.0	0.0	0.0	0.0	0.0	0.0	0.0	0.0	0.0	0.23547	0.91204	0.33015	0.13033	0.0	0.0	0.0	0.0	0.0
GGB102691_SGB113748	0.0	0.0	0.0	0.0	0.0	0.0	0.0	0.0	0.0	0.0	0.0	0.0	0.23348	0.71288	0.63714	2.76848	0.0	0.0	0.0	0.0	0.0
GGB50173_SGB70239	0.0	0.0	0.0	0.0	0.0	0.0	0.0	0.0	0.0	0.0	0.0	0.0	0.23324	0.01312	0.22818	0.16509	0.0	0.0	0.0	0.0	0.0
GGB32528_SGB45868	0.0	0.0	0.0	0.0	0.0	0.0	0.0	0.0	0.0	0.0	0.0	0.0	0.22122	0.04323	0.19341	0.4547	0.0	0.0	0.0	0.0	0.0
GGB35775_SGB112522	0.0	0.0	0.0	0.0	0.0	0.0	0.0	0.0	0.0	0.0	0.0	0.0	0.22032	0.01608	2.10604	2.1873	0.0	0.0	0.0	0.0	0.0
GGB25304_SGB43984	0.0	0.0	0.0	0.0	0.0	0.0	0.0	0.0	0.0	0.0	0.0	0.0	0.21292	0.14032	0.14608	0.24625	0.0	0.0	0.0	0.0	0.0
GGB39511_SGB113059	0.0	0.0	0.0	0.0	0.0	0.0	0.0	0.0	0.0	0.0	0.0	0.0	0.20645	0.46693	0.05318	0.03956	0.0	0.0	0.0	0.0	0.0
GGB56465_SGB112418	0.0	0.0	0.0	0.0	0.0	0.0	0.0	0.0	0.0	0.0	0.0	0.0	0.20392	0.02134	0.19528	0.02236	0.0	0.0	0.0	0.0	0.0
GGB84389_SGB120012	0.0	0.0	0.0	0.0	0.0	0.0	0.0	0.0	0.0	0.0	0.0	0.0	0.19684	0.0	0.08754	0.34887	0.0	0.0	0.0	0.0	0.0
GGB45557_SGB119437	0.0	0.0	0.0	0.0	0.0	0.0	0.0	0.0	0.0	0.0	0.0	0.0	0.19466	0.60523	0.24514	0.36328	0.0	0.0	0.0	0.0	0.0
GGB24796_SGB114508	0.0	0.0	0.0	0.0	0.0	0.0	0.0	0.0	0.0	0.0	0.0	0.0	0.19334	0.25247	0.18769	0.07102	0.0	0.0	0.0	0.0	0.0
GGB82244_SGB113738	0.0	0.0	0.0	0.0	0.0	0.0	0.0	0.0	0.0	0.0	0.0	0.0	0.1922	0.73495	0.05784	0.0	0.0	0.0	0.0	0.0	0.0
GGB35203_SGB49929	0.0	0.0	0.0	0.0	0.0	0.0	0.0	0.0	0.0	0.0	0.0	0.0	0.18731	0.72512	0.2733	0.14424	0.0	0.0	0.0	0.0	0.0
GGB52905_SGB73831	0.0	0.0	0.0	0.0	0.0	0.0	0.0	0.0	0.0	0.0	0.0	0.0	0.18614	0.0	0.17388	0.22365	0.0	0.0	0.0	0.0	0.0
GGB58216_SGB79863	0.0	0.0	0.0	0.0	0.0	0.0	0.0	0.0	0.0	0.0	0.0	0.0	0.17424	0.20614	0.20469	0.28081	0.0	0.0	0.0	0.0	0.0
GGB140922_SGB113441	0.0	0.0	0.0	0.0	0.0	0.0	0.0	0.0	0.0	0.0	0.0	0.0	0.17378	1.28182	0.17774	1.07758	0.0	0.0	0.0	0.0	0.0
GGB82825_SGB114954	0.64383	2.0547	2.02143	4.5171	3.93336	7.31064	3.23149	1.79464	0.59894	0.53357	0.56459	0.90401	0.17298	0.0	0.12714	0.23773	0.0	0.0	0.0	0.0	0.0
GGB56405_SGB113460	0.0	0.0	0.0	0.0	0.0	0.0	0.0	0.0	0.0	0.0	0.0	0.0	0.17114	0.50734	0.22777	0.31186	0.0	0.0	0.0	0.0	0.0
GGB84831_SGB120694	0.0	0.0	0.0	0.0	0.0	0.0	0.0	0.0	0.00779	0.02151	0.03627	0.02943	0.17073	0.05594	0.14515	0.19495	0.0	0.0	0.00397	0.00458	0.0
GGB81665_SGB112970	0.0	0.0	0.0	0.0	0.0	0.0	0.0	0.0	0.0	0.0	0.0	0.0	0.16682	0.0	0.26503	0.01689	0.0	0.0	0.0	0.0	0.0
GGB50174_SGB70240	0.0	0.0	0.0	0.0	0.0	0.0	0.0	0.0	0.0	0.0	0.0	0.0	0.16279	0.16985	0.05737	0.0	0.0	0.0	0.0	0.0	0.0
GGB81891_SGB112351	0.0	0.0	0.0	0.0	0.0	0.0	0.0	0.0	0.0	0.0	0.0	0.0	0.16195	0.15548	0.06779	0.491	0.0	0.0	0.0	0.0	0.0
GGB81840_SGB112494	0.0	0.0	0.0	0.0	0.0	0.0	0.0	0.0	0.0	0.0	0.0	0.0	0.16158	0.00888	0.07398	0.08331	0.0	0.0	0.0	0.0	0.0
GGB81661_SGB112859	0.0	0.0	0.0	0.0	0.0	0.0	0.0	0.0	0.0	0.0	0.0	0.0	0.16147	0.05347	0.00403	0.0778	0.0	0.0	0.0	0.0	0.0
GGB81608_SGB112163	0.0	0.0	0.0	0.0	0.0	0.0	0.0	0.0	0.0	0.0	0.0	0.0	0.15937	0.21396	0.14438	0.3059	0.0	0.0	0.0	0.0	0.0
GGB81608_SGB207912	0.0	0.0	0.0	0.0	0.0	0.0	0.0	0.0	0.0	0.0	0.0	0.0	0.15226	0.55521	0.05695	0.00318	0.0	0.0	0.0	0.0	0.0
GGB25304_SGB37242	0.0	0.0	0.0	0.0	0.0	0.0	0.0	0.0	0.0	0.0	0.0	0.0	0.14623	0.0113	0.0	0.0	0.0	0.0	0.0	0.0	0.0
GGB68817_SGB114543	0.0	0.0	0.0	0.0	0.0	0.0	0.0	0.0	0.0	0.0	0.0	0.0	0.14579	0.17201	1.82539	0.02302	0.0	0.0	0.0	0.0	0.0
GGB74363_SGB113779	0.0	0.0	0.0	0.0	0.0	0.0	0.0	0.0	0.0	0.0	0.0	0.0	0.14434	0.08762	0.35855	0.09835	0.0	0.0	0.0	0.0	0.0
GGB33490_SGB112456	0.0	0.0	0.0	0.0	0.0	0.0	0.0	0.0	0.0	0.0	0.0	0.0	0.14263	0.0	0.22433	0.04811	0.0	0.0	0.0	0.0	0.0
GGB61858_SGB83987	0.0	0.0	0.0	0.0	0.0	0.0	0.0	0.0	0.0	0.0	0.0	0.0	0.14247	0.21983	0.24521	1.60042	0.0	0.0	0.0	0.0	0.0
GGB81608_SGB112148	0.0	0.0	0.0	0.0	0.0	0.0	0.0	0.0	0.0	0.0	0.0	0.0	0.14177	0.0304	0.12154	0.11369	0.0	0.0	0.0	0.0	0.0
GGB74363_SGB113778	0.0	0.0	0.0	0.0	0.0	0.0	0.0	0.0	0.0	0.0	0.0	0.0	0.14046	0.0	0.0	0.0	0.0	0.0	0.0	0.0	0.0
GGB84840_SGB120702	0.0	0.0	0.0	0.0	0.0	0.0	0.0	0.0	0.0	0.0	0.0	0.0	0.13864	0.0725	0.14072	0.26161	0.0	0.0	0.0	0.0	0.0
GGB33490_SGB112455	0.0	0.0	0.0	0.0	0.0	0.0	0.0	0.0	0.0	0.0	0.0	0.0	0.13527	0.09727	0.15994	0.0	0.0	0.0	0.0	0.0	0.0
GGB84362_SGB120028	0.0	0.0	0.0	0.0	0.0	0.0	0.0	0.0	0.0	0.0	0.0	0.0	0.13497	0.0	0.06306	0.26306	0.0	0.0	0.0	0.0	0.0
GGB82163_SGB113503	0.0	0.0	0.0	0.0	0.0	0.0	0.0	0.0	0.0	0.0	0.0	0.0	0.13483	0.41573	0.1963	0.11283	0.0	0.0	0.0	0.0	0.0
GGB82377_SGB113420	0.0	0.0	0.0	0.0	0.0	0.0	0.0	0.0	0.0	0.0	0.0	0.0	0.13139	0.0	0.11736	0.0	0.0	0.0	0.0	0.0	0.0
GGB35308_SGB112402	0.0	0.0	0.0	0.0	0.0	0.0	0.0	0.0	0.0	0.0	0.0	0.0	0.12947	0.00806	0.21081	0.04952	0.0	0.0	0.0	0.0	0.0
GGB82749_SGB142061	0.0	0.0	0.0	0.0	0.0	0.0	0.0	0.0	0.0	0.0	0.0	0.0	0.12912	0.07068	0.0979	0.03337	0.0	0.0	0.0	0.0	0.0
GGB57952_SGB121066	0.0	0.0	0.0	0.0	0.0	0.0	0.0	0.0	0.0	0.0	0.0	0.0	0.12907	0.00472	0.17315	0.23147	0.0	0.01008	0.00098	0.0	0.0
GGB81851_SGB112500	0.0	0.0	0.0	0.0	0.0	0.0	0.0	0.0	0.0	0.0	0.0	0.0	0.12845	0.01865	1.02827	0.0	0.0	0.0	0.0	0.0	0.0
GGB56397_SGB113580	0.0	0.0	0.0	0.0	0.0	0.0	0.0	0.0	0.0	0.0	0.0	0.0	0.12728	0.4038	0.08946	0.05006	0.0	0.0	0.0	0.0	0.0
Microbacterium_sp_zg_Y1084	0.0	0.0	0.0	0.0	0.0	0.0	0.0	0.0	0.0	0.0	0.0	0.0	0.12598	0.11524	0.20029	0.0785	0.0	0.0	0.0	0.0	0.0
GGB41452_SGB122161	0.0	0.0	0.0	0.0	0.0	0.0	0.0	0.0	0.0	0.0	0.0	0.0	0.12179	0.29616	0.0	0.25661	0.0	0.0	0.0	0.0	0.0
GGB83334_SGB116981	0.0	0.0	0.0	0.0	0.0	0.0	0.0	0.0	0.0	0.0	0.0	0.0	0.12167	0.01284	0.03718	0.0	0.0	0.0	0.0	0.0	0.0
GGB81963_SGB113202	0.0	0.0	0.0	0.0	0.0	0.0	0.0	0.0	0.0	0.0	0.0	0.0	0.11816	0.07883	0.07862	0.10477	0.0	0.0	0.0	0.0	0.0
GGB81670_SGB112939	0.0	0.0	0.0	0.0	0.0	0.0	0.0	0.0	0.0	0.0	0.0	0.0	0.11672	0.54554	0.78065	0.00675	0.0	0.0	0.0	0.0	0.0
GGB84418_SGB120134	0.0	0.0	0.0	0.0	0.0	0.0	0.0	0.0	0.0	0.0	0.0	0.0	0.11596	0.03441	0.08266	0.13529	0.0	0.0	0.0	0.0	0.0
GGB81878_SGB112579	0.0	0.0	0.0	0.0	0.0	0.0	0.0	0.0	0.0	0.0	0.0	0.0	0.11532	0.00924	0.0	0.0	0.0	0.0	0.0	0.0	0.0
GGB70895_SGB113382	0.0	0.0	0.0	0.0	0.0	0.0	0.0	0.0	0.0	0.0	0.0	0.0	0.11421	0.26759	0.11057	0.04431	0.0	0.0	0.0	0.0	0.0
GGB33490_SGB112470	0.0	0.0	0.0	0.0	0.0	0.0	0.0	0.0	0.0	0.0	0.0	0.0	0.1139	0.26756	0.0	0.0	0.0	0.0	0.0	0.0	0.0
GGB82183_SGB113607	0.0	0.0	0.0	0.0	0.0	0.0	0.0	0.0	0.0	0.0	0.0	0.0	0.11163	1.32584	0.53873	0.0	0.0	0.0	0.0	0.0	0.0
GGB82521_SGB74006	0.0	0.0	0.0	0.0	0.0	0.0	0.0	0.0	0.0	0.0	0.0	0.0	0.11135	0.0	0.1152	0.0	0.0	0.0	0.0	0.0	0.0
GGB82529_SGB114692	0.0	0.0	0.0	0.0	0.0	0.0	0.0	0.0	0.0	0.0	0.0	0.0	0.11046	0.16271	0.0	0.0	0.0	0.0	0.0	0.0	0.0
GGB34074_SGB48100	0.0	0.0	0.0	0.0	0.0	0.0	0.0	0.0	0.0	0.0	0.0	0.0	0.10866	0.07029	0.4759	0.16467	0.0	0.0	0.0	0.0	0.0
GGB84864_SGB120753	0.0	0.0	0.0	0.0	0.0	0.0	0.0	0.0	0.0	0.0	0.0	0.0	0.1074	0.0	0.10101	0.26681	0.0	0.0	0.0	0.0	0.0
GGB39801_SGB48186	0.0	0.0	0.0	0.0	0.0	0.0	0.0	0.0	0.0	0.0	0.0	0.0	0.10617	0.64357	0.1628	0.03618	0.0	0.0	0.0	0.0	0.0
GGB30195_SGB43122	0.0	0.0	0.0	0.0	0.0	0.0	0.0	0.0	0.0	0.0	0.0	0.0	0.10566	0.10176	0.09644	0.03285	0.0	0.0	0.0	0.0	0.0
GGB56464_SGB112379	0.0	0.0	0.0	0.0	0.0	0.0	0.0	0.0	0.0	0.0	0.0	0.0	0.10257	0.0	0.14047	0.01655	0.0	0.0	0.0	0.0	0.0
GGB84684_SGB120436	0.0	0.0	0.0	0.0	0.0	0.0	0.0	0.0	0.0	0.0	0.0	0.0	0.10131	0.0	0.0307	0.0	0.0	0.0	0.0	0.0	0.0
GGB35112_SGB205579	0.0	0.0	0.0	0.0	0.0	0.0	0.0	0.0	0.0	0.0	0.0	0.0	0.10114	0.08741	0.14424	0.15961	0.0	0.0	0.0	0.0	0.0
Peribacillus_psychrosaccharolyticus	0.0	0.0	0.0	0.0	0.11413	0.0	0.0	0.0	0.0	0.0	0.0	0.0	0.0941	0.45709	0.14171	0.01602	0.0	0.0	0.0	0.0	0.0
GGB58313_SGB120187	0.0	0.0	0.0	0.0	0.0	0.0	0.0	0.0	0.0	0.0	0.0	0.0	0.09395	0.01168	0.05493	0.14779	0.0	0.0	0.0	0.0	0.0
GGB56403_SGB113850	0.0	0.0	0.0	0.0	0.0	0.0	0.0	0.0	0.0	0.0	0.0	0.0	0.09224	0.04244	0.04482	0.02569	0.0	0.0	0.0	0.0	0.0
GGB83989_SGB144864	0.0	0.0	0.0	0.0	0.0	0.0	0.0	0.0	0.0	0.0	0.0	0.0	0.0922	0.0	0.07986	0.12157	0.0	0.0	0.0	0.0	0.0
GGB82491_SGB114481	0.0	0.0	0.0	0.0	0.0	0.0	0.0	0.0	0.0	0.0	0.0	0.0	0.09071	0.31683	0.08954	0.01024	0.0	0.0	0.0	0.0	0.0
GGB84635_SGB120358	0.0	0.0	0.0	0.0	0.0	0.0	0.0	0.0	0.0	0.0	0.0	0.0	0.08898	0.00174	0.03835	0.16679	0.0	0.0	0.0	0.00089	0.0
GGB81907_SGB112294	0.0	0.0	0.0	0.0	0.0	0.0	0.0	0.0	0.0	0.0	0.0	0.0	0.08708	0.22722	0.12004	0.06401	0.0	0.0	0.0	0.0	0.0
GGB25388_SGB43444	0.0	0.0	0.0	0.0	0.0	0.0	0.0	0.0	0.0	0.0	0.0	0.0	0.086	0.32889	0.05403	0.02882	0.0	0.0	0.0	0.0	0.0
GGB76882_SGB112646	0.0	0.0	0.0	0.0	0.0	0.0	0.0	0.0	0.0	0.0	0.0	0.0	0.08462	0.0	0.08269	0.131	0.0	0.0	0.0	0.0	0.0
Arthrobacter_zhangbolii	0.0919	0.89161	1.71561	1.22159	0.00092	0.0	0.0	0.0	0.63206	0.00241	0.0	0.00388	0.08303	0.06653	0.03381	0.01428	0.09218	0.50716	0.1398	0.0758	0.0
GGB81708_SGB112988	0.0	0.0	0.0	0.0	0.0	0.0	0.0	0.0	0.0	0.0	0.0	0.0	0.08226	0.17336	0.28575	0.35862	0.0	0.0	0.0	0.0	0.0
GGB82494_SGB114497	0.0	0.0	0.0	0.0	0.0	0.0	0.0	0.0	0.0	0.0	0.0	0.0	0.08075	0.13774	0.97892	0.07471	0.0	0.0	0.0	0.0	0.0
GGB50466_SGB113182	0.0	0.0	0.0	0.0	0.0	0.0	0.0	0.0	0.0	0.0	0.0	0.0	0.08061	0.05435	0.03361	0.0	0.0	0.0	0.0	0.0	0.0
GGB82248_SGB113752	0.0	0.0	0.0	0.0	0.0	0.0	0.0	0.0	0.0	0.0	0.0	0.0	0.08031	0.02738	0.07952	0.06284	0.0	0.0	0.0	0.0	0.0
GGB84836_SGB120704	0.0	0.0	0.0	0.0	0.0	0.0	0.0	0.0	0.0	0.0	0.0	0.0	0.07931	0.03174	0.00378	0.0008	0.0	0.0	0.0	0.0	0.0
GGB51809_SGB72226	0.0	0.0	0.0	0.0	0.0	0.0	0.0	0.0	0.0	0.0	0.0	0.0	0.07856	0.05113	0.32744	0.31156	0.0	0.0	0.0	0.0	0.0
GGB81894_SGB205566	0.0	0.0	0.0	0.0	0.0	0.0	0.0	0.0	0.0	0.0	0.0	0.0	0.07855	0.06948	0.02945	0.01443	0.0	0.0	0.0	0.0	0.0
GGB56396_SGB113516	0.0	0.0	0.0	0.0	0.0	0.0	0.0	0.0	0.0	0.0	0.0	0.0	0.07821	0.2041	0.06029	0.02791	0.0	0.0	0.0	0.0	0.0
GGB84603_SGB120333	0.0	0.0	0.0	0.0	0.0	0.0	0.0	0.0	0.0	0.0	0.0	0.0	0.07788	0.02322	0.04814	0.11283	0.0	0.0	0.0	0.0	0.0
GGB82270_SGB113806	0.0	0.0	0.0	0.0	0.0	0.0	0.0	0.0	0.0	0.0	0.0	0.0	0.07732	0.06585	0.07968	0.0	0.0	0.0	0.0	0.0	0.0
GGB74363_SGB113763	0.0	0.0	0.0	0.0	0.0	0.0	0.0	0.0	0.0	0.0	0.0	0.0	0.07567	0.03411	0.03544	0.0	0.0	0.0	0.0	0.0	0.0
GGB81952_SGB113149	0.0	0.0	0.0	0.0	0.0	0.0	0.0	0.0	0.0	0.0	0.0	0.0	0.07563	1.4634	0.45959	0.09873	0.0	0.0	0.0	0.0	0.0
GGB25269_SGB37205	0.0	0.0	0.0	0.0	0.0	0.0	0.0	0.0	0.0	0.0	0.0	0.0	0.07562	0.01783	0.01005	0.0116	0.0	0.0	0.0	0.0	0.0
GGB70634_SGB144638	0.0	0.0	0.0	0.0	0.0	0.0	0.0	0.0	0.0	0.0	0.0	0.0	0.07557	0.02788	0.0448	0.0	0.0	0.0	0.0	0.0	0.0
GGB81608_SGB112154	0.0	0.0	0.0	0.0	0.0	0.0	0.0	0.0	0.0	0.0	0.0	0.0	0.07546	0.1955	0.08268	0.30947	0.0	0.0	0.0	0.0	0.0
GGB82221_SGB113885	0.0	0.0	0.0	0.0	0.0	0.0	0.0	0.0	0.0	0.0	0.0	0.0	0.07449	0.15038	0.21659	0.00871	0.0	0.0	0.0	0.0	0.0
GGB81827_SGB112396	0.0	0.0	0.0	0.0	0.0	0.0	0.0	0.0	0.0	0.0	0.0	0.0	0.07396	0.13482	0.1061	0.05997	0.0	0.0	0.0	0.0	0.0
GGB82739_SGB114802	0.0	0.0	0.0	0.0	0.0	0.0	0.0	0.0	0.0	0.0	0.0	0.0	0.07356	0.0	0.01103	0.00321	0.0	0.0	0.0	0.0	0.0
GGB82163_SGB113507	0.0	0.0	0.0	0.0	0.0	0.0	0.0	0.0	0.0	0.0	0.0	0.0	0.07221	0.12785	0.10017	0.05982	0.0	0.0	0.0	0.0	0.0
GGB70561_SGB119657	0.0	0.0	0.0	0.0	0.0	0.0	0.0	0.0	0.0	0.0	0.0	0.0	0.07077	0.0	0.0	0.0	0.0	0.0	0.0	0.0	0.0
GGB35203_SGB112117	0.0	0.0	0.0	0.0	0.0	0.0	0.0	0.0	0.0	0.0	0.0	0.0	0.06982	0.42584	0.20314	0.08376	0.0	0.0	0.0	0.0	0.0
GGB81955_SGB113187	0.0	0.0	0.0	0.0	0.0	0.0	0.0	0.0	0.0	0.0	0.0	0.0	0.06678	0.00025	0.31045	0.76534	0.0	0.0	0.0	0.0	0.0
GGB81656_SGB112833	0.0	0.0	0.0	0.0	0.0	0.0	0.0	0.0	0.0	0.0	0.0	0.0	0.06664	0.03671	0.05276	0.05589	0.0	0.0	0.0	0.0	0.0
GGB69939_SGB94261	0.0	0.0	0.0	0.0	0.0	0.0	0.0	0.0	0.0	0.0	0.0	0.0	0.06207	0.28294	0.07718	0.15608	0.0	0.0	0.0	0.0	0.0
GGB79021_SGB106641	0.0	0.0	0.0	0.0	0.0	0.0	0.0	0.0	0.0	0.0	0.0	0.0	0.05918	0.00676	0.01928	0.0	0.0	0.0	0.0	0.0	0.0
GGB82170_SGB113648	0.0	0.0	0.0	0.0	0.0	0.0	0.0	0.0	0.0	0.0	0.0	0.0	0.05909	0.36141	0.06725	0.07292	0.0	0.0	0.0	0.0	0.0
Arthrobacter_SGB107630	0.0	0.0	0.0	0.0	0.0	0.0	0.0	0.0	0.0	0.0	0.0	0.0	0.05855	0.08457	0.05417	0.01104	0.0	0.0	0.0	0.0	0.0
GGB56403_SGB113845	0.0	0.0	0.0	0.0	0.0	0.0	0.0	0.0	0.0	0.0	0.0	0.0	0.05818	0.01611	0.05237	0.06172	0.0	0.0	0.0	0.0	0.0
GGB83930_SGB121615	0.0	0.0	0.0	0.0	0.0	0.0	0.0	0.0	0.0	0.0	0.0	0.0	0.05572	0.0	0.03322	0.03535	0.0	0.0	0.0	0.0	0.0
GGB79152_SGB105755	0.0	0.0	0.0	0.0	0.0	0.0	0.0	0.0	0.0	0.0	0.0	0.0	0.05562	0.0	0.0	0.0	0.0281	0.33573	0.20001	0.1196	0.0
GGB82456_SGB114450	0.0	0.0	0.0	0.0	0.0	0.0	0.0	0.0	0.0	0.0	0.0	0.0	0.0556	0.43781	0.34425	0.02022	0.0	0.0	0.0	0.0	0.0
GGB82528_SGB114646	0.0	0.0	0.0	0.0	0.0	0.0	0.0	0.0	0.0	0.0	0.0	0.0	0.0542	0.0	0.07961	0.06105	0.0	0.22433	0.30166	0.0	0.0
GGB81794_SGB113050	0.0	0.0	0.0	0.0	0.0	0.0	0.0	0.0	0.0	0.0	0.0	0.0	0.0531	0.24997	0.2423	0.04469	0.0	0.0	0.0	0.0	0.0
GGB82753_SGB83990	0.0	0.0	0.0	0.0	0.0	0.0	0.0	0.0	0.0	0.0	0.0	0.0	0.05159	0.01944	0.0	0.0	0.0	5e-05	0.0044	0.01924	0.0
GGB85749_SGB117386	0.0	0.0	0.0	0.0	0.0	0.0	0.0	0.0	0.0	0.0	0.0	0.0	0.05031	0.09244	0.00202	0.0	0.0	0.0	0.0	0.0	0.0
GGB81608_SGB112142	0.0	0.0	0.0	0.0	0.0	0.0	0.0	0.0	0.0	0.0	0.0	0.0	0.04916	0.03735	0.08608	0.05251	0.0	0.0	0.0	0.0	0.0
GGB51809_SGB115240	0.0	0.0	0.0	0.0	0.0	0.0	0.0	0.0	0.0	0.0	0.0	0.0	0.04909	0.0	0.91845	0.00941	0.0	0.0	0.0	0.0	0.0
GGB34074_SGB112633	0.0	0.0	0.0	0.0	0.0	0.0	0.0	0.0	0.0	0.0	0.0	0.0	0.04898	0.0	0.01555	0.0	0.0	0.0	0.0	0.0	0.0
GGB82235_SGB113787	0.0	0.0	0.0	0.0	0.0	0.0	0.0	0.0	0.0	0.0	0.0	0.0	0.04713	0.1855	0.0	0.31153	0.0	0.0	0.0	0.0	0.0
GGB70897_SGB112643	0.0	0.0	0.0	0.0	0.0	0.0	0.0	0.0	0.0	0.0	0.0	0.0	0.04652	0.01666	0.10112	0.26557	0.0	0.0	0.09583	0.0	0.0
GGB140701_SGB113160	0.0	0.0	0.0	0.0	0.0	0.0	0.0	0.0	0.0	0.0	0.0	0.0	0.04594	0.00698	0.06593	0.02977	0.0	0.0	0.0	0.0	0.0
GGB81963_SGB113203	0.0	0.0	0.0	0.0	0.0	0.0	0.0	0.0	0.0	0.0	0.0	0.0	0.04509	0.64642	0.02773	0.16306	0.0	0.0	0.0	0.0	0.0
GGB81608_SGB112161	0.0	0.0	0.0	0.0	0.0	0.0	0.0	0.0	0.0	0.0	0.0	0.0	0.04383	0.49237	0.16075	1.34555	0.0	0.0	0.0	0.0	0.0
GGB61859_SGB83988	0.0	0.0	0.0	0.0	0.0	0.0	0.0	0.0	0.0	0.0	0.0	0.0	0.04381	0.0	0.04082	0.04581	0.0	0.0	0.0	0.0	0.0
GGB70732_SGB95177	0.0	0.0	0.0	0.0	0.0	0.0	0.0	0.0	0.0	0.0	0.0	0.0	0.04263	0.0	0.02724	0.01234	0.00222	0.00603	0.05359	0.02104	0.0
Psychrobacillus_sp_BL_248_WT_3	0.01201	0.0	0.01878	0.0	0.56126	0.0	0.0	0.0	0.01451	0.0	0.0	0.0	0.0424	0.2715	0.04061	0.00505	0.0	0.00253	0.0	0.0	0.0
GGB63528_SGB85844	0.0	0.0	0.0	0.0	0.0	0.0	0.0	0.0	0.0	0.0	0.0	0.0	0.04217	0.12468	0.01938	0.00937	0.0	0.0	0.0	0.0	0.0
GGB114765_SGB144580	0.0	0.0	0.0	0.0	0.0	0.0	0.0	0.0	0.0	0.0	0.0	0.0	0.04183	0.0	0.06257	0.0	0.0	0.0	0.0	0.0	0.0
GGB70892_SGB122313	0.0	0.0	0.0	0.0	0.0	0.0	0.0	0.0	0.0	0.0	0.0	0.0	0.04053	0.18878	0.04462	0.02807	0.0	0.0	0.0	0.07658	0.0
GGB101212_SGB142084	0.0	0.0	0.0	0.0	0.0	0.0	0.0	0.0	0.0	0.0	0.0	0.0	0.04042	0.01688	0.0	0.18794	0.0	0.0	0.0	0.0	0.0
GGB82379_SGB113385	0.0	0.0	0.0	0.0	0.0	0.0	0.0	0.0	0.0	0.0	0.0	0.0	0.03883	0.0	0.02847	0.01582	0.0	0.0	0.0	0.0	0.0
GGB50028_SGB113615	0.0	0.0	0.0	0.0	0.0	0.0	0.0	0.0	0.0	0.0	0.0	0.0	0.03881	0.07686	0.02393	0.00152	0.0	0.0	0.0	0.0	0.0
GGB82163_SGB113499	0.0	0.0	0.0	0.0	0.0	0.0	0.0	0.0	0.0	0.0	0.0	0.0	0.03637	0.08534	0.02271	0.01676	0.0	0.0	0.0	0.0	0.0
GGB82746_SGB114820	0.0	0.0	0.0	0.0	0.0	0.0	0.0	0.0	0.0	0.0	0.0	0.0	0.03598	0.11799	0.04161	0.06455	0.12619	0.39065	0.12005	0.14535	0.0
GGB82279_SGB113829	0.0	0.0	0.0	0.0	0.0	0.0	0.0	0.0	0.0	0.0	0.0	0.0	0.0355	0.0	0.02268	0.00346	0.0	0.0	0.0	0.0	0.0
GGB58280_SGB79931	0.0	0.0	0.0	0.0	0.0	0.0	0.0	0.0	0.0	0.0	0.0	0.0	0.03539	0.00921	0.03778	0.00106	0.0	0.0	0.0	0.0	0.0
GGB25303_SGB43989	0.0	0.0	0.0	0.0	0.0	0.0	0.0	0.0	0.0	0.0	0.0	0.0	0.03478	0.06501	0.11459	0.73875	0.0	0.0	0.0	0.0	0.0
GGB37155_SGB112512	0.0	0.0	0.0	0.0	0.0	0.0	0.0	0.0	0.0	0.0	0.0	0.0	0.03404	0.03515	0.03878	0.03107	0.0	0.0	0.0	0.0	0.0
GGB68815_SGB114478	0.0	0.0	0.0	0.0	0.0	0.0	0.0	0.0	0.0	0.0	0.0	0.0	0.03402	0.04605	0.06817	0.31369	0.0	0.0	0.0	0.0	0.0
GGB81694_SGB112876	0.0	0.0	0.0	0.0	0.0	0.0	0.0	0.0	0.0	0.0	0.0	0.0	0.03362	2.23252	0.04736	0.04105	0.0	0.0	0.0	0.0	0.0
GGB29974_SGB42854	0.0	0.0	0.0	0.0	0.0	0.0	0.0	0.0	0.0	0.0	0.0	0.0	0.03356	0.0	0.0	0.0	0.0	0.0	0.0	0.0	0.0
GGB123497_SGB114653	0.0	0.0	0.0	0.0	0.0	0.0	0.0	0.0	0.0	0.0	0.0	0.0	0.03329	0.01618	0.02672	0.02371	0.00266	0.01024	0.00287	0.0001	0.0
GGB82397_SGB113356	0.0	0.0	0.0	0.0	0.0	0.0	0.0	0.0	0.0	0.0	0.0	0.0	0.03247	0.33256	0.04618	0.0	0.0	0.0	0.0	0.0	0.0
GGB82277_SGB113823	0.0	0.0	0.0	0.0	0.0	0.0	0.0	0.0	0.0	0.0	0.0	0.0	0.03115	0.02747	0.03218	0.01755	0.0	0.0	0.0	0.0	0.0
GGB82394_SGB113369	0.0	0.0	0.0	0.0	0.0	0.0	0.0	0.0	0.0	0.0	0.0	0.0	0.03115	0.0	0.15967	0.03163	0.0	0.0	0.0	0.0	0.0
GGB70895_SGB113383	0.0	0.0	0.0	0.0	0.0	0.0	0.0	0.0	0.0	0.0	0.0	0.0	0.0296	0.17924	0.05579	0.0	0.0	0.0	0.0	0.0	0.0
GGB58271_SGB79922	0.0	0.0	0.0	0.0	0.0	0.0	0.0	0.0	0.0	0.0	0.0	0.0	0.02867	0.0285	0.03296	0.03242	0.02539	0.06108	0.10036	0.02187	0.0
GGB81963_SGB113205	0.0	0.0	0.0	0.0	0.0	0.0	0.0	0.0	0.0	0.0	0.0	0.0	0.02821	0.08645	0.0	0.0	0.0	0.0	0.0	0.0	0.0
GGB82427_SGB143698	0.0	0.0	0.0	0.0	0.0	0.0	0.0	0.0	0.0	0.0	0.0	0.0	0.02797	0.09254	0.04776	0.01583	0.0	0.0	0.0	0.0	0.0
GGB25880_SGB37870	0.0	0.0	0.0	0.0	0.0	0.0	0.0	0.0	0.0	0.0	0.0	0.0	0.02794	0.04509	0.00768	0.0	0.0	0.0	0.0	0.0	0.0
Arthrobacter_yangruifuii	0.00137	0.0	0.0	0.0	0.0	0.0	0.0	0.0	0.0	0.0	0.0	0.0	0.02761	0.04438	0.0055	0.0	0.0	0.0	0.0	0.0	0.0
GGB81788_SGB113027	0.0	0.0	0.0	0.0	0.0	0.0	0.0	0.0	0.0	0.0	0.0	0.0	0.02686	0.0	0.0308	0.01451	0.0	0.0	0.0	0.0	0.0
GGB77293_SGB106809	0.0	0.0	0.0	0.0	0.0	0.0	0.0	0.0	0.0	0.0	0.0	0.0	0.02609	0.0	0.02127	0.03482	0.0	0.0	0.0	0.0	0.0
GGB81901_SGB112370	0.0	0.0	0.0	0.0	0.0	0.0	0.0	0.0	0.0	0.0	0.0	0.0	0.02573	0.0	0.01833	0.01888	0.0	0.0	0.0	0.0	0.0
GGB86669_SGB116749	0.0	0.0	0.0	0.0	0.0	0.0	0.0	0.0	0.0	0.0	0.0	0.0	0.02489	0.0352	0.02495	0.00114	0.0	0.0	0.0	0.0	0.0
GGB24202_SGB112128	0.0	0.0	0.0	0.0	0.0	0.0	0.0	0.0	0.0	0.0	0.0	0.0	0.02458	0.1073	0.07821	0.0	0.0	0.0	0.0	0.0	0.0
GGB83300_SGB116887	0.0	0.0	0.0	0.0	0.0	0.0	0.0	0.0	0.0	0.0	0.0	0.0	0.02441	0.0	0.02522	0.03637	0.0	0.0	0.0	0.0	0.0
GGB58325_SGB121903	0.0	0.0	0.0	0.0	0.0	0.0	0.0	0.0	0.0	0.0	0.0	0.0	0.02317	0.0205	0.02887	0.0	0.0	0.0	0.0	0.0	0.0
GGB81828_SGB112403	0.0	0.0	0.0	0.0	0.0	0.0	0.0	0.0	0.0	0.0	0.0	0.0	0.02224	0.24119	0.0	0.0	0.0	0.0	0.0	0.0	0.0
GGB77689_SGB118509	0.0	0.0	0.0	0.0	0.0	0.0	0.0	0.0	0.0	0.0	0.0	0.0	0.02208	0.01614	0.01744	0.02911	0.15904	0.99409	0.5218	1.94619	0.0
GGB81705_SGB112953	0.0	0.0	0.0	0.0	0.0	0.0	0.0	0.0	0.0	0.0	0.0	0.0	0.0214	0.00726	0.0	0.23371	0.0	0.0	0.0	0.0	0.0
GGB82908_SGB115231	0.0	0.0	0.0	0.0	0.0	0.0	0.0	0.0	0.0	0.0	0.0	0.0	0.02123	0.01869	0.04847	0.00821	0.0	0.0	0.0	0.0	0.0
GGB70498_SGB118471	0.0	0.0	0.0	0.0	0.0	0.0	0.0	0.0	0.0	0.0	0.0	0.0	0.02102	0.0	0.03973	0.02149	0.0	0.0	0.0	0.0	0.0
GGB84751_SGB120580	0.0	0.0	0.0	0.0	0.0	0.0	0.0	0.0	0.0	0.0	0.0	0.0	0.02088	0.0	0.03181	0.02731	0.0	0.0	0.0	0.0	0.0
Microbacterium_sp_zg_Y818	0.0	0.0	0.0	0.0	0.0	0.0	0.0	0.0	0.0	0.0	0.0	0.0	0.02082	0.0306	0.03615	0.00192	0.0	0.0	0.0	0.0	0.0
GGB24203_SGB36013	0.0	0.0	0.0	0.0	0.0	0.0	0.0	0.0	0.0	0.0	0.0	0.0	0.02058	0.01734	0.58521	0.08289	0.0	0.0	0.0	0.0	0.0
GGB82490_SGB114473	0.0	0.0	0.0	0.0	0.0	0.0	0.0	0.0	0.0	0.0	0.0	0.0	0.02044	0.20295	0.01616	0.80251	0.0	0.0	0.0	0.0	0.0
GGB40474_SGB112118	0.0	0.0	0.0	0.0	0.0	0.0	0.0	0.0	0.0	0.0	0.0	0.0	0.02002	0.34181	0.01107	0.01338	0.0	0.0	0.0	0.0	0.0
GGB84446_SGB144494	0.0	0.0	0.0	0.0	0.0	0.0	0.0	0.0	0.0	0.0	0.0	0.0	0.02002	0.00881	0.03686	0.00128	0.0	0.0	0.0	0.0	0.0
GGB82569_SGB142564	0.00177	0.0	0.0	0.0	0.0	0.0	0.0	0.0	0.0	0.0	0.0	0.0	0.01998	0.0	0.01732	0.02564	0.0	0.0	0.0	0.0	0.0
GGB25407_SGB37359	0.0	0.0	0.0	0.0	0.0	0.0	0.0	0.0	0.0	0.0	0.0	0.0	0.01903	0.00115	0.01583	0.02425	0.0	0.0	0.0	0.0	0.0
GGB25378_SGB37327	0.0	0.0	0.0	0.0	0.0	0.0	0.0	0.0	0.0	0.0	0.0	0.0	0.01882	0.14546	0.01485	0.07604	0.0	0.0	0.0	0.0	0.0
GGB85025_SGB119017	0.0	0.0	0.0	0.0	0.0	0.0	0.0	0.0	0.0	0.0	0.0	0.0	0.01819	0.03863	0.01223	0.02677	0.0	0.00135	0.03436	0.0	0.0
GGB68817_SGB92827	0.0	0.0	0.0	0.0	0.0	0.0	0.0	0.0	0.0	0.0	0.0	0.0	0.01803	0.0	0.0	0.0	0.00144	0.00155	0.00047	0.0	0.0
GGB78708_SGB116668	0.0	0.0	0.0	0.0	0.0	0.0	0.0	0.0	0.0	0.0	0.0	0.0	0.01776	0.009	0.02376	0.12646	0.0	0.0	0.0	0.0	0.0
GGB81835_SGB112439	0.0	0.0	0.0	0.0	0.0	0.0	0.0	0.0	0.0	0.0	0.0	0.0	0.01722	0.01885	1.80841	4.24087	0.0	0.0	0.0	0.0	0.0
GGB83013_SGB122255	0.0	0.0	0.0	0.0	0.0	0.0	0.0	0.0	0.0	0.0	0.0	0.0	0.01716	0.04792	0.0	0.01987	0.0	0.0	0.0	0.0	0.0
GGB84383_SGB144486	0.0	0.0	0.0	0.0	0.0	0.0	0.0	0.0	0.0	0.0	0.0	0.0	0.01662	0.00584	0.01114	0.00744	0.0	0.00573	0.01619	0.0	0.0
GGB85388_SGB119152	0.0	0.0	0.0	0.0	0.0	0.0	0.0	0.0	0.0	0.0	0.0	0.0	0.01644	0.04541	0.07881	0.01983	0.0	0.0	0.0	0.0	0.0
GGB81666_SGB112972	0.0	0.0	0.0	0.0	0.0	0.0	0.0	0.0	0.0	0.0	0.0	0.0	0.01643	0.00259	0.02398	0.01478	0.0	0.0	0.0	0.0	0.0
GGB42447_SGB59622	0.0	0.0	0.0	0.0	0.0	0.0	0.0	0.0	0.0	0.0	0.0	0.0	0.01582	0.0	0.01117	0.13574	0.0	0.0	0.0	0.0	0.0
Arthrobacter_gandavensis	0.0149	0.00084	0.0105	0.0	0.0	0.0	0.0	0.0	0.1105	0.0	0.0	0.0	0.01523	0.04668	0.01428	0.00068	0.00198	0.01285	0.00201	0.0	0.0
GGB25349_SGB37288	0.0	0.0	0.0	0.0	0.0	0.0	0.0	0.0	0.0	0.0	0.0	0.0	0.01523	0.02036	0.01861	0.00396	0.0	0.0	0.0	0.0	0.0
GGB102693_SGB113744	0.0	0.0	0.0	0.0	0.0	0.0	0.0	0.0	0.0	0.0	0.0	0.0	0.01509	0.0	0.01628	0.01488	0.0	0.0	0.0	0.0	0.0
GGB29939_SGB158790	0.0	0.0	0.0	0.0	0.0	0.0	0.0	0.0	0.0	0.0	0.0	0.0	0.01497	0.04939	0.02425	0.01493	0.0	0.0	0.0	0.0	0.0
GGB78711_SGB106498	0.0	0.0	0.0	0.0	0.0	0.0	0.0	0.0	0.0	0.0	0.0	0.0	0.01482	0.02937	0.00856	0.0	0.0	0.0	0.0	0.0	0.0
GGB54982_SGB76211	0.0	0.0	0.0	0.0	0.0	0.0	0.0	0.0	0.0	0.0	0.0	0.0	0.01463	0.14396	0.0202	0.01084	0.0	0.0	0.0	0.0	0.0
GGB79249_SGB105636	0.0	0.0	0.0	0.0	0.0	0.0	0.0	0.0	0.0	0.0	0.0	0.0	0.01411	0.01019	0.01038	0.01389	0.0	0.00182	0.00092	0.00093	0.0
GGB58278_SGB157455	0.0	0.0	0.0	0.0	0.0	0.0	0.0	0.0	0.0	0.0	0.0	0.0	0.01388	0.16511	0.03874	0.0	0.0	0.0	0.0	0.0	0.0
GGB84478_SGB120516	0.0	0.0	0.0	0.0	0.0	0.0	0.0	0.0	0.0	0.0	0.0	0.0	0.01386	0.0	0.01696	0.04219	0.0	0.0	0.0	0.0	0.0
GGB84455_SGB144499	0.0	0.0	0.0	0.0	0.0	0.0	0.0	0.0	0.0	0.0	0.0	0.0	0.01359	0.00257	0.00911	0.00892	0.0	0.0	0.0	0.0	0.0
Arthrobacter_sp_zg_Y1116	0.0	0.0	0.00565	0.00353	0.0	0.0	0.0	0.0	0.03363	0.0	0.0	0.0	0.01307	0.00684	0.01646	0.0	0.00317	0.00397	0.0018	0.0	0.0
GGB37155_SGB48093	0.0	0.0	0.0	0.0	0.0	0.0	0.0	0.0	0.0	0.0	0.0	0.0	0.013	0.12125	0.01611	0.0	0.0	0.0	0.0	0.0	0.0
GGB82556_SGB114598	0.0	0.0	0.0	0.0	0.0	0.0	0.0	0.0	0.0	0.0	0.0	0.0	0.01218	0.01562	0.0	0.0	0.0	0.0	0.0	0.0	0.0
GGB25880_SGB43898	0.0	0.0	0.0	0.0	0.0	0.0	0.0	0.0	0.0	0.0	0.0	0.0	0.01185	0.01169	0.00548	0.0	0.0	0.0	0.0	0.0	0.0
GGB50437_SGB207938	0.0	0.0	0.0	0.0	0.0	0.0	0.0	0.0	0.0	0.0	0.0	0.0	0.01184	0.0	0.02018	0.00257	0.0	0.0	0.0	0.0	0.0
GGB84719_SGB120480	0.0	0.0	0.0	0.0	0.0	0.0	0.0	0.0	0.0	0.0	0.0	0.0	0.01167	0.0	0.00719	0.20376	0.0	0.0	0.0	0.0	0.0
GGB78860_SGB116838	0.0	0.0	0.0	0.0	0.0	0.0	0.0	0.0	0.0	0.0	0.0	0.0	0.01155	0.02303	0.01585	0.00343	0.0	0.0	0.0	0.0	0.0
GGB50466_SGB113175	0.0	0.0	0.0	0.0	0.0	0.0	0.0	0.0	0.0	0.0	0.0	0.0	0.01119	0.0	0.01794	0.01425	0.88928	0.0	0.0	0.0	0.0
GGB70905_SGB112408	0.0	0.0	0.0	0.0	0.0	0.0	0.0	0.0	0.0	0.0	0.0	0.0	0.01119	0.02933	0.02315	0.01115	0.0	0.0	0.0	0.0	0.0
GGB49836_SGB69821	0.0	0.0	0.0	0.0	0.0	0.0	0.0	0.0	0.0	0.0	0.0	0.0	0.01118	0.0	0.04432	0.0	0.0	0.0	0.0	0.0	0.0
GGB83057_SGB117334	0.0	0.0	0.0	0.0	0.0	0.0	0.0	0.0	0.0	0.0	0.0	0.0	0.01111	0.0	0.02326	0.04415	0.0	0.0	0.0	0.0	0.0
GGB100702_SGB142601	0.0	0.0	0.0	0.0	0.0	0.0	0.0	0.0	0.0	0.0	0.0	0.0	0.01108	0.07853	0.01659	0.0	0.0	0.0	0.0	0.0	0.0
GGB60529_SGB82514	0.0	0.0	0.0	0.0	0.0	0.0	0.0	0.0	0.0	0.0	0.0	0.0	0.01095	0.0	0.0289	0.00527	0.0	0.0	0.0	0.0	0.0
GGB141532_SGB95360	0.0	0.0	0.0	0.0	0.0	0.0	0.0	0.0	0.0	0.0	0.0	0.0	0.01081	0.0021	0.00901	0.00728	0.24003	0.03576	0.0	0.0	0.0
GGB50346_SGB104590	73.82596	35.93131	17.15827	32.48314	49.94821	18.04064	47.53854	57.96846	60.75334	76.32647	60.31363	78.89428	0.01078	0.0	0.0	0.0	0.0	0.0	0.0	0.0	0.0
GGB29964_SGB42844	0.0	0.0	0.0	0.0	0.0	0.0	0.0	0.0	0.0	0.0	0.0	0.0	0.01077	0.00018	0.00195	0.00978	0.0	0.0	0.0	0.0	0.0
GGB142343_SGB113743	0.0	0.0	0.0	0.0	0.0	0.0	0.0	0.0	0.0	0.0	0.0	0.0	0.01035	0.0	0.00775	0.0036	0.0	0.0	0.0	0.0	0.0
GGB28491_SGB41077	0.0	0.0	0.0	0.0	0.0	0.0	0.0	0.0	0.0	0.0	0.0	0.0	0.01028	0.00491	0.00638	0.0	0.0	0.0	0.0	0.0	0.0
GGB79284_SGB105504	0.0	0.0	0.0	0.0	0.0	0.0	0.0	0.0	0.0	0.0	0.0	0.0	0.00995	0.0	0.01365	0.00928	0.0	0.13194	0.02165	1.19435	0.0
GGB83128_SGB117270	0.0	0.0	0.0	0.0	0.0	0.0	0.0	0.0	0.0	0.0	0.0	0.0	0.00956	0.0	0.00979	0.07163	0.0	0.0	0.0	0.0	0.0
GGB9259_SGB14207	0.0	0.0	0.0	0.0	0.0	0.0	0.0	0.0	0.0	0.0	0.0	0.0	0.00945	0.0	0.0335	0.00105	0.0	0.0	0.0	0.0	0.0
GGB81660_SGB112847	0.0	0.0	0.0	0.0	0.0	0.0	0.0	0.0	0.0	0.0	0.0	0.0	0.009	0.02029	0.00528	0.01264	0.0	0.0	0.0	0.0	0.0
GGB82230_SGB113782	0.0	0.0	0.0	0.0	0.0	0.0	0.0	0.0	0.0	0.0	0.0	0.0	0.00871	8e-05	0.00483	0.00077	0.0	0.0	0.0	0.0	0.0
GGB84477_SGB120527	0.0	0.0	0.0	0.0	0.0	0.0	0.0	0.0	0.0	0.0	0.0	0.0	0.00864	0.0	0.00372	0.02508	0.0	0.0	0.0	0.0	0.0
GGB82270_SGB113807	0.0	0.0	0.0	0.0	0.0	0.0	0.0	0.0	0.0	0.0	0.0	0.0	0.00822	0.13715	0.12647	0.00372	0.0	0.0	0.0	0.0	0.0
GGB59017_SGB80749	0.0	0.0	0.0	0.0	0.0	0.0	0.0	0.0	0.0	0.0	0.0	0.0	0.00813	0.0	0.00579	0.00686	0.0	0.0	0.0	0.0	0.0
GGB101366_SGB146099	0.0	0.0	0.0	0.0	0.0	0.0	0.0	0.0	0.0	0.0	0.0	0.0	0.00809	0.0	0.01301	0.00552	0.0	3.40426	1.01027	1.11255	0.0
GGB82805_SGB141332	0.0	0.0	0.0	0.0	0.0	0.0	0.0	0.0	0.0	0.0	0.0	0.0	0.00806	0.00301	0.02312	0.01062	0.0	0.0	0.0	0.0	0.0
GGB114791_SGB157582	0.0	0.0	0.0	0.0	0.0	0.0	0.0	0.0	0.0	0.0	0.0	0.0	0.00766	0.0	0.0	0.01985	0.0	0.0	0.0	0.0	0.0
GGB34074_SGB48099	0.0	0.0	0.0	0.0	0.0	0.0	0.0	0.0	0.0	0.0	0.0	0.0	0.00758	0.00697	0.00464	0.00126	0.0	0.0	0.0	0.0	0.0
GGB142346_SGB113747	0.0	0.0	0.0	0.0	0.0	0.0	0.0	0.0	0.0	0.0	0.0	0.0	0.0071	0.1888	0.03401	0.0	0.0	0.0	0.0	0.0	0.0
GGB84039_SGB122013	0.0	0.0	0.0	0.0	0.0	0.0	0.0	0.0	0.0	0.0	0.0	0.0	0.00701	0.0188	0.0	0.0	0.0	0.0	0.0	0.0	0.0
GGB28312_SGB40883	0.0	0.0	0.0	0.0	0.0	0.0	0.0	0.0	0.0	0.0	0.0	0.0	0.00679	0.0	0.0	0.0	0.0	0.0	0.0	0.0	0.0
GGB84830_SGB120693	0.0	0.0	0.0	0.0	0.0	0.0	0.0	0.0	0.0	0.0	0.0	0.0	0.00672	0.006	0.0017	0.0	0.0	0.0	0.0	0.0	0.0
GGB70367_SGB94789	0.0	0.0	0.0	0.0	0.0	0.0	0.0	0.0	0.0	0.0	0.0	0.0	0.0067	0.00476	0.01067	0.01187	0.0	0.0	0.0	0.0	0.0
GGB82764_SGB83992	0.0	0.0	0.0	0.0	0.0	0.0	0.0	0.0	0.0	0.0	0.0	0.0	0.00666	0.0	0.00496	0.33488	0.0	0.0	0.02409	0.2237	0.0
GGB70574_SGB95012	0.0	0.0	0.0	0.0	0.0	0.0	0.0	0.0	0.0	0.0	0.0	0.0	0.0065	0.07541	0.01273	0.0	0.0	0.0	0.0	0.0	0.0
GGB82163_SGB113509	0.0	0.0	0.0	0.0	0.0	0.0	0.0	0.0	0.0	0.0	0.0	0.0	0.00634	0.01939	0.00603	0.00112	0.0	0.0	0.0	0.0	0.0
GGB82180_SGB113628	0.0	0.0	0.0	0.0	0.0	0.0	0.0	0.0	0.0	0.0	0.0	0.0	0.00617	0.06837	0.00244	0.0	0.0	0.0	0.0	0.0	0.0
Arthrobacter_sp_zg_Y1219	0.0	0.0	0.0	0.0	0.0	0.0	0.0	0.0	0.0	0.0	0.0	0.0	0.00605	0.0	0.0	0.0	0.0	0.0	0.0	0.0	0.0
GGB30191_SGB43118	0.0	0.0	0.0	0.0	0.0	0.0	0.0	0.0	0.0	0.0	0.0	0.0	0.00584	0.00244	0.00262	0.01643	0.0	0.0	0.0	0.0	0.0
GGB58275_SGB79926	0.0	0.0	0.0	0.0	0.0	0.0	0.0	0.0	0.0	0.0	0.0	0.0	0.00537	0.04535	0.00342	0.03102	0.0	0.0	0.02311	0.0	0.0
GGB126774_SGB114740	0.0	0.0	0.0	0.0	0.0	0.0	0.0	0.0	0.0	0.0	0.0	0.0	0.00536	0.00094	0.08786	0.17229	0.0	0.0	0.02083	0.0	0.0
GGB83374_SGB116929	0.0	0.0	0.0	0.0	0.0	0.0	0.0	0.0	0.0	0.0	0.0	0.0	0.00522	0.0	0.07005	0.12911	0.0	0.0	0.0	0.0	0.0
GGB25303_SGB114934	0.0	0.0	0.0	0.0	0.0	0.0	0.0	0.0	0.0	0.0	0.0	0.0	0.00499	0.01526	0.02196	0.09319	0.0	0.0	0.0	0.0	0.0
GGB85087_SGB118897	0.0	0.0	0.0	0.0	0.0	0.0	0.0	0.0	0.0	0.0	0.0	0.0	0.00499	0.0	0.00969	0.01619	0.0	0.0	0.0	0.0	0.0
GGB70892_SGB113723	0.0	0.0	0.0	0.0	0.0	0.0	0.0	0.0	0.0	0.0	0.0	0.0	0.00497	0.01213	0.0078	0.00081	0.0	0.0	0.0	0.0	0.0
GGB85727_SGB118472	0.0	0.0	0.0	0.0	0.0	0.0	0.0	0.0	0.0	0.0	0.0	0.0	0.00493	0.01931	0.00931	0.01668	0.0	0.0	0.0	0.0	0.0
GGB70633_SGB120372	0.0	0.0	0.0	0.0	0.0	0.0	0.0	0.0	0.0	0.0	0.0	0.0	0.00484	0.01748	0.00675	0.00338	0.0	0.0	0.0	0.0	0.0
GGB70613_SGB120137	0.0	0.0	0.0	0.0	0.0	0.0	0.0	0.0	0.0	0.0	0.0	0.0	0.00472	0.0	0.00235	0.00062	0.0	0.0	0.0	0.0	0.0
GGB52899_SGB186636	0.0	0.0	0.0	0.0	0.0	0.0	0.0	0.0	0.0	0.0	0.0	0.0	0.00429	0.00113	0.00347	0.00123	0.0	0.0	0.0	0.0	0.0
GGB83875_SGB121692	0.0	0.0	0.0	0.0	0.0	0.0	0.0	0.0	0.0	0.0	0.0	0.0	0.00389	0.0	0.00233	0.0	0.0	0.0	0.0	0.0	0.0
GGB82221_SGB113887	0.0	0.0	0.0	0.0	0.0	0.0	0.0	0.0	0.0	0.0	0.0	0.0	0.00387	0.02858	0.00477	0.02219	0.0	0.0	0.0	0.0	0.0
Rhodococcus_sp_105337	0.10465	0.0	0.0	0.0	0.0	0.0	0.0	0.0	0.0	0.0	0.0	0.0	0.00385	0.0	0.00481	0.0	0.0	0.0	0.0	0.0	0.0
GGB84857_SGB120764	0.0	0.0	0.0	0.0	0.0	0.0	0.0	0.0	0.0	0.0	0.0	0.0	0.00381	0.00102	0.04527	0.00915	0.0	0.0	0.0	0.0	0.0
GGB58287_SGB79938	0.0	0.0	0.0	0.0	0.0	0.0	0.0	0.0	0.0	0.0	0.0	0.0	0.00375	0.0	0.01426	0.00946	0.0	0.0	0.57565	0.0	0.0
GGB70905_SGB112407	0.0	0.0	0.0	0.0	0.0	0.0	0.0	0.0	0.0	0.0	0.0	0.0	0.00352	0.0	0.02135	0.00539	0.0	0.0	0.0	0.0	0.0
Arthrobacter_caoxuetaonis	0.0	0.0	0.0	0.0	0.0	0.0	0.0	0.0	0.0	0.0	0.0	0.0	0.00349	0.0	0.0	0.0	0.0	0.0	0.0	0.0	0.0
GGB84395_SGB120177	0.0	0.0	0.0	0.0	0.0	0.0	0.0	0.0	0.0	0.0	0.0	0.0	0.00296	0.0	0.20573	0.01314	0.0	0.0	0.0	0.0	0.0
GGB82169_SGB113656	0.0	0.0	0.0	0.0	0.0	0.0	0.0	0.0	0.0	0.0	0.0	0.0	0.00285	0.01945	0.00177	0.04192	0.0	0.0	0.0	0.0	0.0
GGB86553_SGB115427	0.0	0.0	0.0	0.0	0.0	0.0	0.0	0.0	0.0	0.0	0.0	0.0	0.00275	0.00373	0.00053	0.01728	0.08487	0.02311	0.01763	0.00619	0.0
GGB83861_SGB157085	0.0	0.0	0.0	0.0	0.0	0.0	0.0	0.0	0.0	0.0	0.0	0.0	0.00248	0.0	0.00612	0.0	0.0	0.0	0.0	0.0	0.0
Clostridiales_bacterium	0.0	0.0	0.0	0.0	0.0	0.0	0.0	0.0	0.0	0.0	0.0	0.0	0.00236	0.00516	0.00104	0.0	0.0	0.0	0.0	0.0	0.0
GGB70639_SGB95083	0.0	0.0	0.0	0.0	0.0	0.0	0.0	0.0	0.0	0.0	0.0	0.0	0.00231	0.00087	0.0	0.0	0.0	0.0	0.02891	0.09214	0.0
GGB28203_SGB65765	0.0	0.0	0.0	0.0	0.0	0.0	0.0	0.0	0.0	0.0	0.0	0.0	0.00223	0.0	0.0	0.0	0.0	0.0	0.0	0.0	0.0
GGB81666_SGB112971	0.0	0.0	0.0	0.0	0.0	0.0	0.0	0.0	0.0	0.0	0.0	0.0	0.00216	0.00303	0.00162	0.06346	0.0	0.0	0.0	0.0	0.0
GGB84548_SGB120233	0.0	0.0	0.0	0.0	0.0	0.0	0.0	0.0	0.0	0.0	0.0	0.0	0.00176	0.02326	0.0	0.0	0.0	0.0	0.0	0.0	0.0
GGB70591_SGB95031	0.0	0.0	0.0	0.0	0.0	0.0	0.0	0.0	0.0	0.0	0.0	0.0	0.00139	0.00359	0.0038	0.00244	0.01713	0.1002	0.05528	0.11932	0.0
Solibacillus_merdavium	0.0	0.0	0.0	0.0	0.02788	0.0	0.0	0.0	0.0	0.0	0.0	0.0	0.00135	0.03498	0.00191	0.0	0.0	0.0	0.0	0.0	0.0
Arthrobacter_sp_APC_3897	0.00826	0.0	0.0	0.0	0.0	0.0	0.0	0.0	0.0	0.0	0.0	0.0	0.00127	0.06909	0.00205	0.0	0.0	0.00284	0.0	0.0	0.0
GGB79177_SGB105799	0.0	0.0	0.0	0.0	0.0	0.0	0.0	0.0	0.0	0.0	0.0	0.0	0.00122	0.00549	0.00223	0.00398	0.0	0.0	0.0	0.0	0.0
GGB81707_SGB112984	0.0	0.0	0.0	0.0	0.0	0.0	0.0	0.0	0.0	0.0	0.0	0.0	0.00121	0.01663	0.0	0.01061	0.0	0.0	0.0	0.0	0.0
Georgenia_wutianyii	0.0	0.0	0.0	0.0	0.0	0.0	0.0	0.0	0.0	0.0	0.0	0.0	0.0012	0.0	0.0	0.0	0.0	0.0	0.0	0.0	0.0
GGB79187_SGB105614	0.0	0.0	0.0	0.0	0.0	0.0	0.0	0.0	0.0	0.0	0.0	0.0	0.00115	0.004	0.0	0.0	0.0	0.0	0.00059	0.00014	0.0
GGB56392_SGB113389	0.0	0.0	0.0	0.0	0.0	0.0	0.0	0.0	0.0	0.0	0.0	0.0	0.00111	0.0139	0.01973	0.00252	0.0	0.0	0.0	0.0	0.0
GGB55380_SGB106886	0.0	0.0	0.0	0.0	0.0	0.0	0.0	0.0	0.0	0.0	0.0	0.0	0.00107	0.02079	0.00159	0.0	0.01163	0.13137	0.11224	0.08728	0.0
GGB27182_SGB200174	0.0	0.0	0.0	0.0	0.0	0.0	0.0	0.0	0.0	0.0	0.0	0.0	0.00107	0.01975	0.00938	0.0	0.0	0.0	0.0	0.0	0.0
GGB70609_SGB120151	0.0	0.0	0.0	0.0	0.0	0.0	0.0	0.0	0.0	0.0	0.0	0.0	0.00103	0.0	0.00181	0.0	0.01421	0.00852	0.00257	0.0	0.0
GGB38959_SGB50812	0.0	0.0	0.0	0.0	0.0	0.0	0.0	0.0	0.0	0.0	0.0	0.0	0.00102	0.02692	0.01594	0.0	0.0	0.0	0.0	0.0	0.0
GGB35775_SGB112540	0.0	0.0	0.0	0.0	0.0	0.0	0.0	0.0	0.0	0.0	0.0	0.0	0.00097	0.00562	0.0	0.0	0.0	0.0	0.0	0.0	0.0
GGB70419_SGB122059	0.0	0.0	0.0	0.0	0.0	0.0	0.0	0.0	0.0	0.0	0.0	0.0	0.00093	0.27099	0.08895	0.65539	0.0	0.0	0.0	0.0	0.0
GGB79081_SGB105538	0.0	0.0	0.0	0.0	0.0	0.0	0.0	0.0	0.0	0.0	0.0	0.0	0.00084	0.00407	0.001	0.00031	0.00418	0.02836	0.00873	0.00428	0.0
Acinetobacter_pecorum	0.35588	0.0	0.0	0.0	0.0	0.0	0.0	0.0	0.0	0.0	0.0	0.0	0.00078	0.0	0.00794	0.00134	0.0	0.0	0.0	0.0	0.0
GGB58165_SGB79807	0.0	0.0	0.0	0.0	0.0	0.0	0.0	0.0	0.0	0.0	0.0	0.0	0.00077	0.0	0.00584	0.0	0.01867	0.34278	0.09109	0.20887	0.0
GGB30596_SGB43729	0.0	0.0	0.0	0.0	0.0	0.0	0.0	0.0	0.0	0.0	0.0	0.0	0.00066	0.0	0.0	0.0	0.0	0.0	0.0	0.0	0.0
GGB60530_SGB82515	0.0	0.0	0.0	0.0	0.0	0.0	0.0	0.0	0.0	0.0	0.0	0.0	0.00065	0.0	0.0	0.00543	0.0	0.01004	0.0	0.0	0.0
GGB87449_SGB40081	0.0	0.0	0.0	0.0	0.0	0.0	0.0	0.0	0.0	0.0	0.0	0.0	0.00061	0.0	0.0	0.0	0.0	0.0	0.0	0.0	0.0
GGB82757_SGB114746	0.0	0.0	0.0	0.0	0.0	0.0	0.0	0.0	0.0	0.0	0.0	0.0	0.00058	0.00145	0.0	0.0	0.0	0.0	0.10394	0.02947	0.0
Microbacterium_caowuchunii	0.0	0.0	0.0	0.0	0.0	0.0	0.0	0.0	0.0	0.0	0.0	0.0	0.00053	0.0	0.00159	0.0	0.0	0.0	0.0	0.0	0.0
GGB70392_SGB116134	0.0	0.0	0.0	0.0	0.0	0.0	0.0	0.0	0.0	0.0	0.0	0.0	0.00049	0.01789	0.00561	0.00573	0.01829	0.05913	0.00822	0.01012	0.0
GGB69941_SGB115143	0.0	0.0	0.0	0.0	0.0	0.0	0.0	0.0	0.0	0.0	0.0	0.0	0.00033	0.03372	0.01768	0.00862	0.0	0.0	0.0	0.0	0.0
GGB28494_SGB41084	0.0	0.0	0.0	0.0	0.0	0.0	0.0	0.0	0.0	0.0	0.0	0.0	0.0003	0.0	0.00977	0.0	0.0	0.0	0.0	0.0	0.0
GGB30642_SGB43781	0.0	0.0	0.0	0.0	0.0	0.0	0.0	0.0	0.0	0.0	0.0	0.0	0.0003	0.0	0.00369	0.00072	0.0	0.0	0.0	0.0	0.0
GGB25283_SGB44020	0.0	0.0	0.0	0.0	0.87774	3.1129	0.60433	0.53968	0.0	0.0	0.0	0.0	0.00029	0.0	0.00023	0.0	0.0	0.0	0.0	0.0	0.0
GGB81718_SGB112964	0.0	0.0	0.0	0.0	0.0	0.0	0.0	0.0	0.0	0.0	0.0	0.0	0.0002	0.06736	0.0	0.0	0.0	0.0	0.0	0.0	0.0
GGB16302_SGB24688	0.0	0.0	0.0	0.0	0.0	0.0	0.0	0.0	0.0	0.0	0.0	0.0	0.00016	0.0	0.01682	0.0	0.0	0.0	0.0	0.0	0.0
Selenomonas_sp_AB3002	0.0	0.0	0.0	0.0	0.0	0.0	0.0	0.0	0.0	0.0	0.0	0.0	0.00016	0.0	0.0	0.0	0.0	0.0	0.0	0.0	0.0
Ruminococcaceae_bacterium_YAD3003	0.0	0.0	0.0	0.0	0.0	0.0	0.0	0.0	0.0	0.0	0.0	0.0	0.00014	0.0	0.00011	0.0	0.0	0.0	0.0	0.0	0.0
GGB41245_SGB48415	0.0	0.0	0.0	0.0	0.0	0.0	0.0	0.0	0.0	0.0	0.0	0.0	0.0	1.88371	1.89596	1.55625	0.0	0.0	0.0	0.0	0.0
GGB58287_SGB120148	0.0	0.0	0.0	0.0	0.0	0.0	0.0	0.0	0.0	0.0	0.0	0.0	0.0	0.6663	0.0	0.0	0.0	0.0	0.0	0.0	0.0
GGB70901_SGB112556	0.0	0.0	0.0	0.0	0.0	0.0	0.0	0.0	0.0	0.0	0.0	0.0	0.0	0.2327	0.0	0.0	0.0	0.0	0.0	0.0	0.0
GGB82529_SGB114691	0.0	0.0	0.0	0.0	0.0	0.0	0.0	0.0	0.0	0.0	0.0	0.0	0.0	0.20049	0.0	0.0	0.0	0.0	0.0	0.0	0.0
GGB81579_SGB112113	0.0	0.0	0.0	0.0	0.0	0.0	0.0	0.0	0.0	0.0	0.0	0.0	0.0	0.19836	0.0	0.0	0.0	0.0	0.0	0.0	0.0
Psychrobacillus_psychrotolerans	0.0	0.0	0.0	0.0	0.0	0.0	0.0	0.0	0.0	0.0	0.0	0.0	0.0	0.15011	0.00517	0.0	0.0	0.0	0.0	0.0	0.0
GGB41452_SGB58514	0.0	0.0	0.0	0.0	0.0	0.0	0.0	0.0	0.0	0.0	0.0	0.0	0.0	0.11418	0.00642	0.02596	0.0	0.0	0.0	0.0	0.0
GGB84130_SGB122185	0.0	0.0	0.0	0.0	0.0	0.0	0.0	0.0	0.0	0.0	0.0	0.0	0.0	0.09689	0.0	0.0	0.0	0.0	0.0	0.0	0.0
GGB50350_SGB70429	0.0	0.0	0.0	0.0	0.0	0.0	0.0	0.0	0.0	0.0	0.0	0.0	0.0	0.09539	0.0	0.0	0.0	0.0	0.0	0.0	0.0
GGB81943_SGB112326	0.0	0.0	0.0	0.0	0.0	0.0	0.0	0.0	0.0	0.0	0.0	0.0	0.0	0.05173	0.0	0.0	0.0	0.0	0.0	0.0	0.0
GGB81693_SGB112828	0.0	0.0	0.0	0.0	0.0	0.0	0.0	0.0	0.0	0.0	0.0	0.0	0.0	0.05022	0.04303	0.0	0.0	0.0	0.0	0.0	0.0
GGB70580_SGB122000	0.0	0.0	0.0	0.0	0.0	0.0	0.0	0.0	0.0	0.0	0.0	0.0	0.0	0.04515	0.02203	0.00957	0.0	0.0	0.0	0.0	0.0
GGB30795_SGB43977	0.0	0.0	0.0	0.0	0.0	0.0	0.0	0.0	0.0	0.0	0.0	0.0	0.0	0.04111	0.0	0.0	0.0	0.0	0.0	0.0	0.0
GGB61862_SGB114735	0.0	0.0	0.0	0.0	0.0	0.0	0.0	0.0	0.0	0.0	0.0	0.0	0.0	0.04024	0.0	0.0	0.0	0.28647	0.00655	0.06222	0.0
GGB83871_SGB121697	0.0	0.0	0.0	0.0	0.0	0.0	0.0	0.0	0.0	0.0	0.0	0.0	0.0	0.03484	0.0	0.0	0.0	0.0	0.0	0.0	0.0
GGB28282_SGB113093	0.0	0.0	0.0	0.0	0.0	0.0	0.0	0.0	0.0	0.0	0.0	0.0	0.0	0.02658	0.0	0.0	0.0	0.0	0.0	0.0	0.0
GGB81796_SGB113035	0.0	0.0	0.0	0.0	0.0	0.0	0.0	0.0	0.0	0.0	0.0	0.0	0.0	0.02555	0.0	0.0	0.0	0.0	0.0	0.0	0.0
GGB69938_SGB115134	0.0	0.0	0.0	0.0	0.0	0.0	0.0	0.0	0.0	0.0	0.0	0.0	0.0	0.02275	0.00227	0.0031	0.0	0.0	0.0	0.0	0.0
GGB126988_SGB69243	0.0	0.0	0.0	0.0	0.0	0.0	0.0	0.0	0.0	0.0	0.0	0.0	0.0	0.02193	0.0	0.0	0.0	0.0	0.0	0.0	0.0
GGB70905_SGB112412	0.0	0.0	0.0	0.0	0.0	0.0	0.0	0.0	0.0	0.0	0.0	0.0	0.0	0.01863	0.0	0.0	0.0	0.0	0.0	0.0	0.0
GGB86535_SGB115811	0.0	0.0	0.0	0.0	0.0	0.0	0.0	0.0	0.0	0.0	0.0	0.0	0.0	0.01691	0.0	0.01187	0.0	0.0	0.0	0.0	0.0
GGB29169_SGB41900	0.0	0.0	0.0	0.0	0.0	0.0	0.0	0.0	0.0	0.0	0.0	0.0	0.0	0.01346	0.0	0.0	0.0	0.0	0.0	0.0	0.0
Methanobrevibacter_millerae	0.0	0.0	0.0	0.0	0.0	0.0	0.0	0.0	0.0	0.0	0.0	0.0	0.0	0.0128	0.0	0.0	0.0	0.0	0.0	0.0	0.0
Aristaeella_hokkaidonensis	0.0	0.0	0.0	0.0	0.0	0.0	0.0	0.0	0.0	0.0	0.0	0.0	0.0	0.01153	0.0	0.0	0.0	0.0	0.0	0.0	0.0
GGB32882_SGB122074	0.0	0.0	0.0	0.0	0.0	0.0	0.0	0.0	0.0	0.0	0.0	0.0	0.0	0.01149	0.0	0.0	0.0	0.0	0.0	0.0	0.0
Carnobacterium_sp_17_4	0.0	0.0	0.0	0.0	0.0	0.0	0.0	0.0	0.0	0.0	0.0	0.0	0.0	0.01125	0.0	0.0	0.0	0.0	0.0	0.0	0.0
GGB82426_SGB112040	0.0	0.0	0.0	0.0	0.0	0.0	0.0	0.0	0.0	0.0	0.0	0.0	0.0	0.01111	0.00266	0.02321	0.0	0.0	0.0	0.0	0.0
GGB86358_SGB118328	0.0	0.0	0.0	0.0	0.0	0.0	0.0	0.0	0.0	0.0	0.0	0.0	0.0	0.01074	0.0	0.0	0.0	0.0	0.0	0.0	0.0
GGB30740_SGB43901	0.0	0.0	0.0	0.0	0.0	0.0	0.0	0.0	0.0	0.0	0.0	0.0	0.0	0.01054	0.0	0.0	0.0	0.0	0.0	0.0	0.0
GGB84065_SGB121870	0.0	0.0	0.0	0.0	0.0	0.0	0.0	0.0	0.0	0.0	0.0	0.0	0.0	0.01018	0.00104	0.002	0.0	0.0	0.0	0.0	0.0
Sarcina_sp_DSM_11001	0.0	0.0	0.0	0.0	0.0	0.0	0.0	0.0	0.0	0.0	0.0	0.0	0.0	0.0098	0.0004	0.0	0.0	0.0	0.0	0.0	0.0
GGB77291_SGB106810	0.0	0.0	0.0	0.0	0.0	0.0	0.0	0.0	0.0	0.0	0.0	0.0	0.0	0.00977	0.0	0.0	0.0	0.0	0.04276	0.00336	0.0
GGB83697_SGB121107	0.0	0.0	0.0	0.0	0.0	0.0	0.0	0.0	0.0	0.0	0.0	0.0	0.0	0.00916	0.0	0.0	0.0	0.0	0.0	0.0	0.0
GGB48085_SGB66081	0.0	0.0	0.0	0.0	0.0	0.0	0.0	0.0	0.0	0.0	0.0	0.0	0.0	0.0091	0.0	0.0	0.0	0.0	0.0	0.0	0.0
GGB82529_SGB114694	0.0	0.0	0.0	0.0	0.0	0.0	0.0	0.0	0.0	0.0	0.0	0.0	0.0	0.00815	0.0	0.06757	0.0	0.0	0.0	0.0	0.0
GGB79272_SGB105570	0.0	0.0	0.0	0.0	0.0	0.0	0.0	0.0	0.0	0.0	0.0	0.0	0.0	0.00762	0.0	0.0	0.0	0.0	0.13706	0.0	0.0
GGB85706_SGB118736	0.0	0.0	0.0	0.0	0.0	0.0	0.0	0.0	0.0	0.0	0.0	0.0	0.0	0.00734	0.0	0.0	0.0	0.0	0.0	0.0	0.0
Paenibacillus_amylolyticus	0.0	0.0	0.0	0.0	0.0607	0.0	0.0	0.0	0.0	0.0	0.0	0.0	0.0	0.00714	0.0	0.0	0.0	0.0	0.0	0.0	0.0
Eubacteriales_unclassified_SGB37356	0.0	0.0	0.0	0.0	0.0	0.0	0.0	0.0	0.0	0.0	0.0	0.0	0.0	0.00711	0.00227	0.0	0.0	0.0	0.0	0.0	0.0
GGB85277_SGB119354	0.0	0.0	0.0	0.0	0.0	0.0	0.0	0.0	0.0	0.0	0.0	0.0	0.0	0.00677	0.00149	0.0	0.0	0.0	0.0	0.0	0.0
GGB83665_SGB156694	0.0	0.0	0.0	0.0	0.0	0.0	0.0	0.0	0.0	0.0	0.0	0.0	0.0	0.00658	0.0	0.0	0.0	0.0	0.0	0.0	0.0
GGB82163_SGB113496	0.0	0.0	0.0	0.0	0.0	0.0	0.0	0.0	0.0	0.0	0.0	0.0	0.0	0.00612	0.00523	0.0	0.0	0.0	0.0	0.0	0.0
GGB89103_SGB124468	0.0	0.0	0.0	0.0	0.0	0.0	0.0	0.0	0.0	0.0	0.0	0.0	0.0	0.00591	0.0	0.0	0.0	0.0	0.0	0.0	0.0
Bacillus_sp_D12	0.0	0.0	0.0	0.0	0.0	0.0	0.0	0.0	0.0	0.0	0.0	0.0	0.0	0.00542	0.0	0.0	0.00115	0.00926	0.01157	0.0	0.0
GGB87098_SGB115995	0.0	0.0	0.0	0.0	0.0	0.0	0.0	0.0	0.0	0.0	0.0	0.0	0.0	0.0053	0.0	0.0	0.0	0.0	0.0	0.0	0.0
GGB29038_SGB41759	0.0	0.0	0.0	0.0	0.0	0.0	0.0	0.0	0.0	0.0	0.0	0.0	0.0	0.00524	0.00063	0.0	0.0	0.0	0.0	0.0	0.0
GGB60345_SGB82300	0.0	0.0	0.0	0.0	0.0	0.0	0.0	0.0	0.0	0.0	0.0	0.0	0.0	0.0051	0.0	0.19892	0.0	0.0	0.0	0.0	0.0
GGB81841_SGB112478	0.0	0.0	0.0	0.0	0.0	0.0	0.0	0.0	0.0	0.0	0.0	0.0	0.0	0.00499	1.03459	0.00026	0.0	0.0	0.0	0.0	0.0
GGB79259_SGB105577	0.0	0.0	0.0	0.0	0.0	0.0	0.0	0.0	0.0	0.0	0.0	0.0	0.0	0.00494	0.0049	0.00104	0.0	0.0	0.0	0.0	0.0
Pradoshia_eiseniae	0.0	0.0	0.0	0.0	0.0	0.0	0.0	0.0	0.0	0.0	0.0	0.0	0.0	0.0045	0.0	0.0	0.0	0.0	0.0	0.0	0.0
GGB58274_SGB79925	0.0	0.0	0.0	0.0	0.0	0.0	0.0	0.0	0.0	0.0	0.0	0.0	0.0	0.00438	0.00145	0.00028	0.0228	0.11769	0.18007	0.02485	0.0
GGB128466_SGB159787	0.0	0.0	0.0	0.0	0.0	0.0	0.0	0.0	0.0	0.0	0.0	0.0	0.0	0.00433	0.0	0.0	0.0	0.00331	0.0	0.0	0.0
Cutibacterium_acnes	0.0	0.0	0.0	0.0	0.0	0.0	0.0	0.0	0.0	0.0	0.0	0.0	0.0	0.004	0.0	0.0	0.0	0.0	0.0	0.0	0.0
GGB81791_SGB113036	0.0	0.0	0.0	0.0	0.0	0.0	0.0	0.0	0.0	0.0	0.0	0.0	0.0	0.00375	0.0	0.00063	0.0	0.0	0.0	0.0	0.0
GGB70772_SGB95217	0.0	0.0	0.0	0.0	0.0	0.0	0.0	0.0	0.0	0.0	0.0	0.0	0.0	0.00363	0.0	0.0	0.0	0.0	0.0	0.0	0.0
Solibacillus_faecavium	0.0	0.0	0.06266	0.0	0.39783	0.0	0.0	0.0	0.0	0.0	0.0	0.0	0.0	0.00352	0.0	0.0	0.0	0.00357	0.00095	0.0	0.0
Staphylococcus_capitis	0.0	0.0	0.0	0.0	0.0	0.0	0.0	0.0	0.0	0.0	0.0	0.0	0.0	0.00326	0.0	0.0	0.0	0.0	0.0	0.0	0.0
GGB81899_SGB112375	0.0	0.0	0.0	0.0	0.0	0.0	0.0	0.0	0.0	0.0	0.0	0.0	0.0	0.00309	0.0	0.0	0.0	0.0	0.0	0.0	0.0
GGB58321_SGB79972	0.0	0.0	0.0	0.0	0.0	0.0	0.0	0.0	0.0	0.0	0.0	0.0	0.0	0.00306	0.0	0.0	0.0	0.0	0.0	0.0	0.0
GGB30639_SGB43777	0.0	0.0	0.13368	0.0	0.0	0.0	0.0	0.0	0.0	0.0	0.0	0.0	0.0	0.00293	0.00504	0.0	0.0	0.0	0.0	0.0	0.0
GGB79094_SGB105549	0.0	0.0	0.0	0.0	0.0	0.0	0.0	0.0	0.0	0.0	0.0	0.0	0.0	0.00269	0.0	0.00024	0.00445	0.00915	0.00577	0.00297	0.0
GGB58147_SGB79786	0.0	0.0	0.0	0.0	0.0	0.0	0.0	0.0	0.0	0.0	0.0	0.0	0.0	0.00251	0.0	0.0	0.0	0.0	0.0	0.0	0.0
GGB82496_SGB114494	0.0	0.0	0.0	0.0	0.0	0.0	0.0	0.0	0.0	0.0	0.0	0.0	0.0	0.0024	0.0	0.00024	0.0	0.81342	0.26504	0.10707	0.0
GGB29944_SGB42822	0.0	0.0	0.0	0.0	0.0	0.0	0.0	0.0	0.0	0.0	0.0	0.0	0.0	0.0021	0.0	0.0	0.0	0.0	0.0	0.0	0.0
GGB58263_SGB118902	0.0	0.0	0.0	0.0	0.0	0.0	0.0	0.0	0.0	0.0	0.0	0.0	0.0	0.00191	0.0	0.0	0.0	0.12437	0.02341	0.0	0.0
GGB84001_SGB122068	0.0	0.0	0.0	0.0	0.0	0.0	0.0	0.0	0.0	0.0	0.0	0.0	0.0	0.00156	0.00817	0.02023	0.0	0.0	0.0	0.0	0.0
Sanguibacter_keddieii	0.0	0.0	0.0	0.0	0.0	0.0	0.0	0.0	0.0	0.0	0.0	0.0	0.0	0.00147	0.0	0.0	0.0	0.0	0.0	0.0	0.0
GGB83732_SGB121079	0.0	0.0	0.0	0.0	0.0	0.0	0.0	0.0	0.0	0.0	0.0	0.0	0.0	0.0014	0.0	0.00056	0.00028	0.00124	0.05078	0.00105	0.0
GGB83932_SGB121620	0.0	0.0	0.0	0.0	0.0	0.0	0.0	0.0	0.0	0.0	0.0	0.0	0.0	0.00134	0.0	0.0	0.0	0.0	0.0	0.0	0.0
GGB27026_SGB39233	0.0	0.0	0.0	0.0	0.0	0.0	0.0	0.0	0.0	0.0	0.0	0.0	0.0	0.00119	0.0	0.0	0.0	0.0	0.0	0.0	0.0
GGB82916_SGB115151	0.0	0.0	0.0	0.0	0.0	0.0	0.0	0.0	0.0	0.0	0.0	0.0	0.0	0.00118	0.0	0.0	0.0	0.0	0.0	0.00726	0.0
GGB70482_SGB105665	0.0	0.0	0.0	0.0	0.0	0.0	0.0	0.0	0.0	0.0	0.0	0.0	0.0	0.00096	0.0	0.0	0.0	0.0	0.0	0.0	0.0
GGB82386_SGB113404	0.0	0.0	0.0	0.0	0.0	0.0	0.0	0.0	0.0	0.0	0.0	0.0	0.0	0.00084	0.0	0.0	0.0	0.0	0.0	0.0	0.0
Aristaeella_lactis	0.0	0.0	0.0	0.0	0.0	0.0	0.0	0.0	0.0	0.0	0.0	0.0	0.0	0.00074	0.00246	0.0	0.0	0.0	0.0	0.0	0.0
GGB84001_SGB122067	0.0	0.0	0.0	0.0	0.0	0.0	0.0	0.0	0.0	0.0	0.0	0.0	0.0	0.00071	0.0	0.00359	0.0	0.0	0.0	0.0	0.0
GGB79255_SGB105386	0.0	0.0	0.0	0.0	0.0	0.0	0.0	0.0	0.0	0.0	0.0	0.0	0.0	0.0007	0.0	0.0	0.00163	0.08542	0.00901	0.0	0.0
GGB87031_SGB116664	0.0	0.0	0.0	0.0	0.0	0.0	0.0	0.0	0.0	0.0	0.0	0.0	0.0	0.00067	0.00064	0.00155	0.0	0.0	0.0	0.0	0.0
GGB58327_SGB121862	0.0	0.0	0.0	0.0	0.0	0.0	0.0	0.0	0.0	0.0	0.0	0.0	0.0	0.00066	0.0	0.0	0.0	0.0	0.0	0.0	0.0
GGB70781_SGB105621	0.0	0.0	0.0	0.0	0.0	0.0	0.0	0.0	0.0	0.0	0.0	0.0	0.0	0.00057	0.0	0.00052	0.0	0.00322	0.0	0.0	0.0
GGB82428_SGB112052	0.0	0.0	0.0	0.0	0.0	0.0	0.0	0.0	0.0	0.0	0.0	0.0	0.0	0.00054	0.01685	0.0002	0.0	0.0	0.0	0.0	0.0
GGB70586_SGB95026	0.0	0.0	0.0	0.0	0.0	0.0	0.0	0.0	0.0	0.0	0.0	0.0	0.0	0.00041	0.0	0.00505	0.0	0.0	0.00541	0.0	0.0
GGB52271_SGB118930	0.0	0.0	0.0	0.0	0.0	0.0	0.0	0.0	0.0	0.0	0.0	0.0	0.0	0.00035	0.0	0.0	0.01503	0.009	0.00091	0.0004	0.0
GGB70460_SGB94883	0.0	0.0	0.0	0.0	0.0	0.0	0.0	0.0	0.0	0.0	0.0	0.0	0.0	0.0002	0.0	0.0	0.0	0.0	0.00304	0.0	0.0
GGB84094_SGB122108	0.0	0.0	0.0	0.0	0.0	0.0	0.0	0.0	0.0	0.0	0.0	0.0	0.0	0.00019	0.00071	0.0	0.0	0.0	0.0	0.0	0.0
GGB82151_SGB113833	0.0	0.0	0.0	0.0	0.0	0.0	0.0	0.0	0.0	0.0	0.0	0.0	0.0	0.00018	0.0	0.00273	0.0	0.0	0.0	0.0	0.0
Sanguibacter_suarezii	0.0	0.0	0.0	0.0	0.0	0.0	0.0	0.0	0.0	0.0	0.0	0.0	0.0	0.00018	0.00026	0.0	0.0	0.0	0.0	0.0	0.0
GGB85419_SGB144187	0.0	0.0	0.0	0.0	0.0	0.0	0.0	0.0	0.0	0.0	0.0	0.0	0.0	0.00011	0.0	0.00012	0.0	0.0	0.0	0.0	0.0
GGB79159_SGB105761	0.0	0.0	0.0	0.0	0.0	0.0	0.0	0.0	0.0	0.0	0.0	0.0	0.0	0.0001	0.0	0.0	0.0	0.00451	0.0	0.00245	0.0
GGB101365_SGB146096	0.0	0.0	0.0	0.0	0.0	0.0	0.0	0.0	0.0	0.0	0.0	0.0	0.0	9e-05	0.0	0.0	0.0	0.00036	0.0	0.0	0.0
GGB81869_SGB112555	0.0	0.0	0.0	0.0	0.0	0.0	0.0	0.0	0.0	0.0	0.0	0.0	0.0	0.0	0.58718	0.04259	0.0	0.0	0.0	0.0	0.0
GGB81896_SGB112360	0.0	0.0	0.0	0.0	0.0	0.0	0.0	0.0	0.0	0.0	0.0	0.0	0.0	0.0	0.34001	0.0	0.0	0.0	0.0	0.0	0.0
GGB83914_SGB121559	0.0	0.0	0.0	0.0	0.0	0.0	0.0	0.0	0.0	0.0	0.0	0.0	0.0	0.0	0.13169	0.0	0.0	0.0	0.0	0.0	0.0
GGB114020_SGB158311	0.0	0.0	0.0	0.0	0.0	0.0	0.0	0.0	0.0	0.0	0.0	0.0	0.0	0.0	0.08114	0.0	0.0	0.0	0.0	0.0	0.0
GGB84441_SGB120152	0.0	0.0	0.0	0.0	0.0	0.0	0.0	0.0	0.0	0.0	0.0	0.0	0.0	0.0	0.05809	0.0	0.0	0.0	0.0	0.0	0.0
GGB40324_SGB113667	0.0	0.0	0.0	0.0	0.0	0.0	0.0	0.0	0.0	0.0	0.0	0.0	0.0	0.0	0.04969	0.0	0.0	0.0	0.0	0.0	0.0
GGB84622_SGB120415	0.0	0.0	0.0	0.0	0.0	0.0	0.0	0.0	0.0	0.0	0.0	0.0	0.0	0.0	0.04	0.0	0.0	0.0	0.0	0.0	0.0
GGB25954_SGB37947	0.0	0.0	0.0	0.0	0.0	0.0	0.0	0.0	0.0	0.0	0.0	0.0	0.0	0.0	0.0222	0.0	0.0	0.0	0.0	0.0	0.0
GGB82916_SGB115147	0.0	0.0	0.0	0.0	0.0	0.0	0.0	0.0	0.0	0.0	0.0	0.0	0.0	0.0	0.01781	0.00295	0.0	0.0	0.0	0.0	0.0
GGB70580_SGB122002	0.0	0.0	0.0	0.0	0.0	0.0	0.0	0.0	0.0	0.0	0.0	0.0	0.0	0.0	0.01656	0.0	0.0	0.0	0.0	0.0	0.0
GGB25305_SGB186639	0.0	0.0	0.0	0.0	0.0	0.0	0.0	0.0	0.0	0.0	0.0	0.0	0.0	0.0	0.01136	0.0	0.0	0.0	0.0	0.0	0.0
GGB81867_SGB112560	0.0	0.0	0.0	0.0	0.0	0.0	0.0	0.0	0.0	0.0	0.0	0.0	0.0	0.0	0.01083	0.0	0.0	0.0	0.0	0.0	0.0
GGB56403_SGB113849	0.0	0.0	0.0	0.0	0.0	0.0	0.0	0.0	0.0	0.0	0.0	0.0	0.0	0.0	0.00981	0.0	0.95613	1.16057	0.13783	0.95821	0.0
GGB56460_SGB77873	0.0	0.0	0.0	0.0	0.0	0.0	0.0	0.0	0.0	0.0	0.0	0.0	0.0	0.0	0.00876	0.0	0.0	0.0	0.0	0.0	0.0
GGB84598_SGB120312	0.0	0.0	0.0	0.0	0.0	0.0	0.0	0.0	0.0	0.0	0.0	0.0	0.0	0.0	0.00472	0.40673	0.0	0.0	0.0	0.0	0.0
GGB87068_SGB116627	0.0	0.0	0.0	0.0	0.0	0.0	0.0	0.0	0.0	0.0	0.0	0.0	0.0	0.0	0.00442	0.00114	0.0	0.0	0.0	0.0	0.0
Salinibacterium_hongtaonis	0.0	0.0	0.0	0.0	0.0	0.0	0.0	0.0	0.0	0.0	0.0	0.0	0.0	0.0	0.00438	0.0	0.0	0.0	0.0	0.0	0.0
GGB83079_SGB117105	0.0	0.0	0.0	0.0	0.0	0.0	0.0	0.0	0.0	0.0	0.0	0.0	0.0	0.0	0.00411	0.0	0.0	0.0	0.0	0.0	0.0
Aeromicrobium_duanguangcaii	0.0	0.0	0.0	0.0	0.0	0.0	0.0	0.0	0.0	0.0	0.0	0.0	0.0	0.0	0.00348	0.0	0.0	0.0	0.0	0.0	0.0
GGB84750_SGB120576	0.0	0.0	0.0	0.0	0.0	0.0	0.0	0.0	0.0	0.0	0.0	0.0	0.0	0.0	0.00335	0.00718	0.0	0.0	0.0	0.0	0.0
GGB84870_SGB120776	0.0	0.0	0.0	0.0	0.0	0.0	0.0	0.0	0.0	0.0	0.0	0.0	0.0	0.0	0.00312	0.0	0.0	0.0	0.0	0.0	0.0
GGB36588_SGB54362	0.0	0.0	0.0	0.0	0.0	0.0	0.0	0.0	0.0	0.0	0.0	0.0	0.0	0.0	0.00295	0.0	0.00284	0.00573	0.00138	0.01521	0.0
GGB58333_SGB79984	0.0	0.0	0.0	0.0	0.0	0.0	0.0	0.0	0.0	0.0	0.0	0.0	0.0	0.0	0.00283	0.0	0.0	0.0	0.0	0.0	0.0
GGB50444_SGB112649	0.0	0.0	0.0	0.0	0.0	0.0	0.0	0.0	0.0	0.0	0.0	0.0	0.0	0.0	0.00277	0.0	0.0	0.0	0.0	0.0	0.0
Nocardioides_campestrisoli	0.0	0.0	0.0	0.0	0.0	0.0	0.0	0.0	0.0	0.0	0.0	0.0	0.0	0.0	0.00269	0.0	0.0	0.0	0.0	0.0	0.0
GGB70827_SGB95275	0.0	0.0	0.0	0.0	0.0	0.0	0.0	0.0	0.0	0.0	0.0	0.0	0.0	0.0	0.00253	0.0	0.0113	0.00064	0.01412	0.0	0.0
GGB3318_SGB42507	0.0	0.0	0.0	0.0	0.0	0.0	0.0	0.0	0.0	0.0	0.0	0.0	0.0	0.0	0.00252	0.00725	0.0	0.0	0.0	0.0	0.0
GGB53050_SGB73984	0.0	0.0	0.0	0.0	0.0	0.0	0.0	0.0	0.0	0.0	0.0	0.0	0.0	0.0	0.00246	0.0	0.0	0.0	0.0	0.0	0.0
GGB84560_SGB120273	0.0	0.0	0.0	0.0	0.0	0.0	0.0	0.0	0.0	0.0	0.0	0.0	0.0	0.0	0.0024	0.00196	0.0	0.0	0.0	0.0	0.0
GGB142444_SGB113622	0.0	0.0	0.0	0.0	0.0	0.0	0.0	0.0	0.0	0.0	0.0	0.0	0.0	0.0	0.00212	0.0	0.0	0.0	0.0	0.0	0.0
GGB59083_SGB80823	0.0	0.0	0.0	0.0	0.0	0.0	0.0	0.0	0.0	0.0	0.0	0.0	0.0	0.0	0.00209	0.00143	0.0	0.00295	0.0	0.0	0.0
GGB87456_SGB117695	0.0	0.0	0.0	0.0	0.0	0.0	0.0	0.0	0.0	0.0	0.0	0.0	0.0	0.0	0.00103	0.0	0.0	0.0	0.0	0.0	0.0
GGB82155_SGB113837	0.0	0.0	0.0	0.0	0.0	0.0	0.0	0.0	0.0	0.0	0.0	0.0	0.0	0.0	0.00059	0.0	3.7218	1.14847	0.16426	1.36139	0.0
GGB52365_SGB73169	0.0	0.0	0.0	0.0	0.0	0.0	0.0	0.0	0.0	0.0	0.0	0.0	0.0	0.0	0.00047	0.0	0.0	0.03181	0.0	0.0	0.0
GGB79267_SGB105593	0.0	0.0	0.0	0.0	0.0	0.0	0.0	0.0	0.0	0.0	0.0	0.0	0.0	0.0	0.00046	0.0	0.0	0.0	0.0	0.0	0.0
GGB70560_SGB119663	0.0	0.0	0.0	0.0	0.0	0.0	0.0	0.0	0.0	0.0	0.0	0.0	0.0	0.0	0.00045	0.0	0.00072	0.01033	0.00149	0.0	0.0
GGB74958_SGB47387	0.0	0.0	0.0	0.0	0.00876	0.0	0.0	0.02681	0.0	0.0	0.5957	0.0	0.0	0.0	0.00036	0.0	0.0	0.0	0.0	0.0	0.0
GGB76401_SGB112425	0.0	0.0	0.0	0.0	0.0	0.0	0.0	0.0	0.0	0.0	0.0	0.0	0.0	0.0	0.00035	0.0	0.0	0.0	0.0	0.0	0.0
GGB87050_SGB116592	0.0	0.0	0.0	0.0	0.0	0.0	0.0	0.0	0.0	0.0	0.0	0.0	0.0	0.0	0.00025	0.0	0.0	0.0	0.0	0.0	0.0
GGB114022_SGB158314	0.0	0.0	0.0	0.0	0.0	0.0	0.0	0.0	0.0	0.0	0.0	0.0	0.0	0.0	0.00024	0.00585	0.0	0.0	0.0	0.0	0.0
Microbacterium_sp_zg_Y625	0.0	0.0	0.0	0.0	0.0	0.0	0.0	0.0	0.01564	0.0	0.0	0.0	0.0	0.0	0.00015	0.0	0.0	0.0	0.0	0.0	0.0
GGB81882_SGB112614	0.0	0.0	0.0	0.0	0.0	0.0	0.0	0.0	0.0	0.0	0.0	0.0	0.0	0.0	0.0001	0.0	0.0	0.0	0.0	0.0	0.0
GGB82374_SGB113430	0.0	0.0	0.0	0.0	0.0	0.0	0.0	0.0	0.0	0.0	0.0	0.0	0.0	0.0	0.0	0.0976	0.0	0.0	0.0	0.0	0.0
GGB84447_SGB144495	0.0	0.0	0.0	0.0	0.0	0.0	0.0	0.0	0.0	0.0	0.0	0.0	0.0	0.0	0.0	0.05069	0.0	0.0	0.0	0.0	0.0
GGB82256_SGB113766	0.0	0.0	0.0	0.0	0.0	0.0	0.0	0.0	0.0	0.0	0.0	0.0	0.0	0.0	0.0	0.0413	0.0	0.0	0.0	0.0	0.0
GGB25305_SGB37243	0.0	0.0	0.0	0.0	0.0	0.0	0.0	0.0	0.0	0.0	0.0	0.0	0.0	0.0	0.0	0.03575	0.0	0.0	0.0	0.0	0.0
GGB70687_SGB95131	0.0	0.0	0.0	0.0	0.0	0.0	0.0	0.0	0.0	0.0	0.0	0.0	0.0	0.0	0.0	0.02904	0.0049	0.0	0.01641	0.0	0.0
Klebsiella_pneumoniae	0.0	0.0	0.0	0.0	0.0	0.0	0.0	0.0	0.0	0.0	0.0	0.0	0.0	0.0	0.0	0.02563	0.0	0.0	0.0	0.0	0.0
GGB59015_SGB114610	0.0	0.0	0.0	0.0	0.0	0.0	0.0	0.0	0.0	0.0	0.0	0.0	0.0	0.0	0.0	0.02055	0.0	0.0	0.0	0.0	0.0
GGB83972_SGB121588	0.0	0.0	0.0	0.0	0.0	0.0	0.0	0.0	0.0	0.0	0.0	0.0	0.0	0.0	0.0	0.01949	0.0	0.0	0.0	0.0	0.0
GGB82394_SGB113368	0.0	0.0	0.0	0.0	0.0	0.0	0.0	0.0	0.0	0.0	0.0	0.0	0.0	0.0	0.0	0.01675	0.0	0.0	0.0	0.0	0.0
GGB84271_SGB119938	0.0	0.0	0.0	0.0	0.0	0.0	0.0	0.0	0.0	0.0	0.0	0.0	0.0	0.0	0.0	0.01592	0.0	0.0	0.0	0.0	0.0
Loktanella_fryxellensis	0.0	0.0	0.0	0.0	0.0	0.0	0.0	0.0	0.0	0.0	0.0	0.0	0.0	0.0	0.0	0.01469	0.0	0.0	0.0	0.0	0.0
GGB105150_SGB188237	0.0	0.0	0.0	0.0	0.0	0.0	0.0	0.0	0.0	0.0	0.0	0.0	0.0	0.0	0.0	0.00626	0.0	0.0	0.0	0.0	0.0
GGB81608_SGB112160	0.0	0.0	0.0	0.0	0.0	0.0	0.0	0.0	0.0	0.0	0.0	0.0	0.0	0.0	0.0	0.00435	0.0	0.0	0.0	0.0	0.0
GGB87460_SGB95181	0.0	0.0	0.0	0.0	0.0	0.0	0.0	0.0	0.0	0.0	0.0	0.0	0.0	0.0	0.0	0.0043	0.0	0.0	0.0	0.0	0.0
GGB118344_SGB202680	0.0	0.0	0.0	0.0	0.0	0.0	0.0	0.0	0.0	0.0	0.0	0.0	0.0	0.0	0.0	0.00421	0.0	0.0	0.0	0.0	0.0
GGB101995_SGB145147	0.0	0.0	0.0	0.0	0.0	0.0	0.0	0.0	0.0	0.0	0.0	0.0	0.0	0.0	0.0	0.00325	0.0	0.04632	0.06983	0.00072	0.0
GGB82536_SGB114675	0.0	0.0	0.0	0.0	0.0	0.0	0.0	0.0	0.0	0.0	0.0	0.0	0.0	0.0	0.0	0.00283	0.0	0.0	0.0	0.0	0.0
GGB86518_SGB115584	0.0	0.0	0.0	0.0	0.0	0.0	0.0	0.0	0.0	0.0	0.0	0.0	0.0	0.0	0.0	0.00237	0.0	0.0	0.0	0.0	0.0
GGB25283_SGB44017	0.0	0.0	0.0	0.0	0.0	0.0	0.0	0.0	0.0	0.0	0.0	0.0	0.0	0.0	0.0	0.00223	0.0	0.0	0.0	0.0	0.0
Bosea_sp_AAP35	0.0	0.0	0.0	0.0	0.0	0.0	0.0	0.0	0.0	0.0	0.0	0.0	0.0	0.0	0.0	0.0022	0.0	0.0	0.0	0.0	0.0
GGB83723_SGB121132	0.0	0.0	0.0	0.0	0.0	0.0	0.0	0.0	0.0	0.0	0.0	0.0	0.0	0.0	0.0	0.00212	0.0	0.0	0.0	0.0	0.0
GGB70771_SGB95216	0.0	0.0	0.0	0.0	0.0	0.0	0.0	0.0	0.0	0.0	0.0	0.0	0.0	0.0	0.0	0.0021	0.0	0.0	0.0	0.0	0.0
GGB102131_SGB113186	0.0	0.0	0.0	0.0	0.0	0.0	0.0	0.0	0.0	0.0	0.0	0.0	0.0	0.0	0.0	0.00198	0.0	0.0	0.0	0.0	0.0
GGB70638_SGB95082	0.0	0.0	0.0	0.0	0.0	0.0	0.0	0.0	0.0	0.0	0.0	0.0	0.0	0.0	0.0	0.00198	0.00284	0.00013	0.02857	0.00105	0.0
GGB68813_SGB92823	0.0	0.0	0.0	0.0	0.0	0.0	0.0	0.0	0.0	0.0	0.0	0.0	0.0	0.0	0.0	0.001	0.0	0.0	0.00284	0.00171	0.0
GGB70471_SGB161403	0.0	0.0	0.0	0.0	0.0	0.0	0.0	0.0	0.0	0.0	0.0	0.0	0.0	0.0	0.0	0.00084	0.0	0.0	0.0	0.0	0.0
GGB105182_SGB188229	0.0	0.0	0.0	0.0	0.0	0.0	0.0	0.0	0.0	0.0	0.0	0.0	0.0	0.0	0.0	0.00078	0.0	0.0	0.0	0.0	0.0
GGB84817_SGB120734	0.0	0.0	0.0	0.0	0.0	0.0	0.0	0.0	0.0	0.0	0.0	0.0	0.0	0.0	0.0	0.00054	0.0	0.0	0.0	0.0	0.0
Marisediminicola_senii	0.0	0.0	0.0	0.0	0.0	0.0	0.0	0.0	0.0	0.0	0.0	0.0	0.0	0.0	0.0	0.0005	0.0	0.0	0.0	0.0	0.0
Sphingomonas_sp_S1_29	0.0	0.0	0.0	0.0	0.0	0.0	0.0	0.0	0.0	0.0	0.0	0.0	0.0	0.0	0.0	0.00049	0.0	0.0	0.0	0.0	0.0
GGB81960_SGB113181	0.0	0.0	0.0	0.0	0.0	0.0	0.0	0.0	0.0	0.0	0.0	0.0	0.0	0.0	0.0	0.00031	0.0	0.0	0.0	0.0	0.0
GGB141207_SGB120215	0.0	0.0	0.0	0.0	0.0	0.0	0.0	0.0	0.0	0.0	0.0	0.0	0.0	0.0	0.0	0.0003	0.0	0.0	0.0	0.0	0.0
GGB49638_SGB69614	6.60797	4.41096	10.04588	1.54464	2.25631	1.34068	3.0568	2.32423	2.09988	1.9279	0.22604	4.00993	0.0	0.0	0.0	0.0	0.0	0.0	0.0	0.0	0.0
GGB30794_SGB43976	2.39088	0.97536	0.97708	2.85193	4.03996	5.58431	2.45468	1.03501	0.2076	0.15457	2.08357	1.05847	0.0	0.0	0.0	0.0	0.0	0.0	0.0	0.0	0.0
GGB27530_SGB39836	2.15727	0.34217	0.0	0.0	0.0	0.0	0.0	0.0	0.0	0.0	0.04944	0.0	0.0	0.0	0.0	0.0	0.0	0.0	0.0	0.0	0.0
GGB50193_SGB70260	1.67288	15.76479	0.0	12.0145	0.0	0.0	0.0	0.0	0.0222	0.0	0.0	0.0	0.0	0.0	0.0	0.0	0.0	0.0	0.0	0.0	0.0
GGB141354_SGB209304	1.51041	4.64541	3.02911	9.1167	2.695	4.64343	1.91718	1.58018	0.8924	0.89644	0.62442	0.7972	0.0	0.0	0.0	0.0	0.0	0.0	0.0	0.0	0.0
GGB16301_SGB24685	1.45829	6.56862	0.0	1.26888	0.0	0.0	0.0	0.0	0.0	0.0	0.0	0.0	0.0	0.0	0.0	0.0	0.0	0.0	0.0	0.0	0.0
GGB77061_SGB104607	0.9212	0.52317	2.9907	1.65064	1.73445	0.36685	0.22576	0.20122	5.08698	8.56144	15.52086	1.67223	0.0	0.0	0.0	0.0	0.0	0.0	0.0	0.0	0.0
GGB27570_SGB39897	0.64635	0.55077	0.89367	0.97294	0.0	0.00184	0.0	0.0	0.0	0.0	0.0	0.0	0.0	0.0	0.0	0.0	0.0	0.0	0.0	0.0	0.0
GGB76846_SGB104577	0.59824	1.15142	1.29304	0.6361	0.1784	0.13923	0.05863	0.07336	0.51537	0.03273	0.04993	0.04803	0.0	0.0	0.0	0.0	0.0	0.0	0.0	0.0	0.0
GGB30794_SGB114948	0.57496	1.65033	1.81643	2.98491	1.94901	2.23017	1.4157	0.8054	0.70698	1.07706	0.6098	1.09857	0.0	0.0	0.0	0.0	0.0	0.0	0.0	0.0	0.0
GGB121886_SGB151191	0.56735	3.16891	2.05518	3.90772	0.48747	0.29556	1.56792	0.52682	0.30119	0.70636	0.38024	0.06605	0.0	0.0	0.0	0.0	0.0	0.0	0.0	0.0	0.0
GGB74929_SGB114943	0.48933	0.94271	0.6626	1.36666	0.3247	0.73178	1.08426	0.45957	0.46258	0.71777	0.81845	0.20236	0.0	0.0	0.0	0.0	0.0	0.0	0.0	0.0	0.0
Desemzia_incerta	0.42134	0.0	0.0	0.0	0.0	0.0	0.0	0.0	0.0	0.0	0.0	0.0	0.0	0.0	0.0	0.0	0.0	0.0	0.0	0.0	0.0
GGB32227_SGB48175	0.38078	0.8779	1.61155	1.68572	0.39857	1.17554	0.5128	0.42223	0.18576	0.18028	0.00714	0.25462	0.0	0.0	0.0	0.0	0.0	0.0	0.0	0.0	0.0
Methanocorpusculum_vombati	0.3493	0.62253	0.5036	0.52058	0.54126	1.02426	1.15247	1.75914	0.47781	0.32258	2.07949	0.87045	0.0	0.0	0.0	0.0	0.0	0.0	0.0	0.0	0.0
GGB30652_SGB43794	0.3376	0.10549	0.12296	0.0	0.0	0.0	0.0	0.0	0.03446	0.00596	0.10741	0.0	0.0	0.0	0.0	0.0	0.0	0.0	0.0	0.0	0.0
GGB74572_SGB163726	0.318	4.58128	1.86606	5.21218	2.72865	15.17036	1.43884	5.75639	3.84852	0.28727	0.39065	1.80999	0.0	0.0	0.0	0.0	0.0	0.0	0.0	0.0	0.0
GGB77059_SGB104603	0.24185	1.00377	5.84531	4.68329	4.37624	1.75368	2.07183	2.8587	3.21359	5.08794	1.04336	4.75577	0.0	0.0	0.0	0.0	0.0	0.0	0.0	0.0	0.0
GGB30625_SGB43761	0.24182	0.17487	0.26171	0.30722	0.10056	0.08068	0.26879	0.22451	0.0408	0.0	0.0	0.0	0.0	0.0	0.0	0.0	0.0	0.0	0.0	0.0	0.0
GGB82941_SGB115185	0.16768	0.32556	0.85177	0.54807	0.04206	0.03875	0.01199	0.01231	0.13479	0.4995	0.12987	0.04419	0.0	0.0	0.0	0.0	0.0	0.0	0.0	0.0	0.0
GGB48517_SGB66575	0.1644	0.07338	0.12425	0.0	0.0	0.0	0.38543	1.07166	0.0	0.0	0.0	0.0	0.0	0.0	0.0	0.0	0.0	0.0	0.0	0.0	0.0
GGB23623_SGB35322	0.15613	0.09408	0.0	0.0	0.096	0.01846	0.06499	0.17663	0.0239	0.36151	1.36726	0.10421	0.0	0.0	0.0	0.0	0.0	0.0	0.0	0.0	0.0
GGB35075_SGB48147	0.14559	2.38826	4.33448	1.0895	0.0	0.00099	0.00336	0.00894	0.10066	0.02371	0.0	0.07683	0.0	0.0	0.0	0.0	0.0	0.0	0.0	0.0	0.0
GGB56368_SGB77779	0.1408	0.09772	0.0	0.01654	0.0	0.0	0.0	0.0	0.0	0.0	0.0	0.0	0.0	0.0	0.0	0.0	0.0	0.0	0.0	0.0	0.0
GGB123637_SGB163829	0.13667	0.03771	0.0	0.0	0.0	0.0	0.0	0.0	0.0	0.0	0.0	0.0	0.0	0.0	0.0	0.0	0.0	0.0	0.0	0.0	0.0
Ligilactobacillus_equi	0.12122	0.09965	0.17952	0.27557	0.7572	0.75047	0.28355	0.20471	0.15019	0.24116	0.54991	0.02747	0.0	0.0	0.0	0.0	0.0	0.0	0.0	0.0	0.0
GGB30649_SGB43788	0.1188	0.08976	0.45712	0.23111	0.0	0.14911	0.0	0.0	0.21482	0.0	0.0	0.0	0.0	0.0	0.0	0.0	0.0	0.0	0.0	0.0	0.0
GGB27598_SGB39930	0.113	0.07435	0.0	0.06328	0.0	0.0	0.0	0.0	0.0	0.0	0.0	0.0	0.0	0.0	0.0	0.0	0.0	0.0	0.0	0.0	0.0
GGB143005_SGB66568	0.09714	0.0	0.10906	0.0	0.03341	0.0	0.13204	0.0	0.0	0.0	0.0	0.0	0.0	0.0	0.0	0.0	0.0	0.0	0.0	0.01188	0.0
GGB82851_SGB114946	0.09202	0.39226	0.38276	0.44069	0.00065	0.23279	0.11711	0.03203	0.10578	0.17427	0.29895	0.13816	0.0	0.0	0.0	0.0	0.0	0.0	0.0	0.0	0.0
GGB50346_SGB112191	0.08806	0.4119	0.52558	0.4212	0.75363	1.42874	0.41517	2.13776	0.28623	0.25671	2.70725	1.84668	0.0	0.0	0.0	0.0	0.0	0.0	0.0	0.0	0.0
Limosilactobacillus_equigenerosi	0.0692	0.08036	0.08537	0.12592	0.00065	0.0	0.00445	0.0	0.0	0.0	0.0	0.0	0.0	0.0	0.0	0.0	0.0	0.0	0.0	0.0	0.0
GGB78587_SGB106106	0.05937	2.6178	2.01142	0.85921	1.46485	2.41523	0.18096	1.29873	0.43381	0.0	0.0	0.0	0.0	0.0	0.0	0.0	0.0	0.0	0.0	0.0	0.0
GGB76845_SGB104580	0.05028	0.37062	0.89279	0.15964	0.0	0.0	0.41895	0.04079	0.01868	0.17603	0.0	0.0	0.0	0.0	0.0	0.0	0.0	0.0	0.0	0.0	0.0
GGB30644_SGB43783	0.04463	0.0	0.0	0.0	0.0	0.0	0.0	0.0	0.08852	0.10226	4.57048	0.80442	0.0	0.0	0.0	0.0	0.0	0.0	0.0	0.0	0.0
GGB81585_SGB192680	0.04237	0.47523	0.37543	0.13707	10.29271	0.00109	6.98921	1.66384	0.01573	0.0	0.0	0.0	0.0	0.0	0.0	0.0	0.0	0.0	0.0	0.0	0.0
GGB30678_SGB43822	0.03463	0.01425	0.06112	0.0	0.0	0.0	0.14381	0.0	0.02114	0.04777	0.02743	0.00179	0.0	0.0	0.0	0.0	0.0	0.0	0.0	0.0	0.0
GGB31900_SGB45296	0.03368	0.01895	0.07475	0.00131	0.0	0.0	0.0	0.0	0.0	0.00324	0.0	0.0	0.0	0.0	0.0	0.0	0.0	0.0	0.0	0.0	0.0
GGB30637_SGB114710	0.03085	0.00113	0.06579	0.02649	0.0	0.0	0.00611	0.00367	0.03103	0.00743	0.01935	0.0	0.0	0.0	0.0	0.0	0.0	0.0	0.0	0.0	0.0
Ligilactobacillus_hayakitensis	0.02881	0.00124	0.01007	0.00604	0.0	0.0	0.0	0.0	0.0	0.0	0.0	0.0	0.0	0.0	0.0	0.0	0.0	0.0	0.0	0.0	0.0
GGB24502_SGB36352	0.02631	1.02007	0.67872	0.11441	0.07627	0.42213	0.91445	0.42223	0.00518	0.0379	0.00566	0.0	0.0	0.0	0.0	0.0	0.0	0.0	0.0	0.0	0.0
GGB24094_SGB35887	0.02464	0.04872	0.00923	0.05034	0.0	0.0	0.0	0.0	0.0	0.0	0.0	0.0	0.0	0.0	0.0	0.0	0.0	0.0	0.0	0.0	0.0
GGB142568_SGB211624	0.02448	0.02	0.00846	0.0	0.0	0.0	0.0	0.0	0.0	0.01009	0.0	0.0	0.0	0.0	0.0	0.0	0.0	0.0	0.0	0.0	0.0
GGB119823_SGB201359	0.02095	0.0	0.0	0.0	0.00865	0.0	0.0	0.0	0.0	0.0	0.0	0.0	0.0	0.0	0.0	0.0	0.0	0.0	0.0	0.0	0.0
GGB30476_SGB43560	0.01889	0.0	0.0	0.0	0.0	0.0	0.0	0.0	0.0	0.0	0.0	0.0	0.0	0.0	0.0	0.0	0.0	0.0	0.0	0.0	0.0
GGB85029_SGB118835	0.01805	0.0	0.0	0.0	0.0	0.0	0.0	0.0	0.0	0.0	0.0	0.0	0.0	0.0	0.0	0.0	0.0	0.0	0.0	0.0	0.0
GGB100567_SGB142547	0.0175	0.00236	0.0	0.0	0.11632	0.0	0.06804	0.0	0.0	0.0	0.0	0.0	0.0	0.0	0.0	0.0	0.0	0.0	0.0	0.0	0.0
GGB87101_SGB115994	0.01448	0.0	0.0	0.0	0.0	0.0	0.0	0.0	0.0	0.01752	0.02246	0.0	0.0	0.0	0.0	0.0	0.0	0.0	0.0	0.0	0.0
Lysinibacillus_sp_S2017	0.01417	0.0	0.0	0.0	0.0	0.0	0.0	0.0	0.0	0.0	0.0	0.0	0.0	0.0	0.0	0.0	0.0	0.0	0.0	0.0	0.0
GGB30681_SGB43825	0.01202	0.01728	0.03442	0.01341	0.0	0.0	0.02097	0.11678	0.0	0.0	0.0	0.0	0.0	0.0	0.0	0.0	0.0	0.0	0.0	0.0	0.0
Arthrobacter_sp_zg_Y1143	0.01067	0.45872	1.04686	1.25427	0.0	0.0	0.0	0.0	0.60053	0.01124	0.0	0.00876	0.0	0.0	0.0	0.0	0.04281	0.13659	0.05823	0.00332	0.0
Rummeliibacillus_sp_POC4	0.00776	0.01903	0.0	0.00946	0.0	0.0	0.0	0.0	0.0	0.0	0.0	0.0	0.0	0.0	0.0	0.0	0.0	0.0	0.0	0.0	0.0
GGB121889_SGB69849	0.00652	0.0	0.0	0.0	0.013	0.0	0.03473	0.01795	0.0	0.0	0.0	0.0	0.0	0.0	0.0	0.0	0.0	0.0	0.0	0.0	0.0
GGB9502_SGB37257	0.00428	0.0	0.0	0.0	0.0	0.0	0.0	0.0	0.0	0.0	0.0	0.0	0.0	0.0	0.0	0.0	0.0	0.0	0.0	0.0	0.0
GGB23853_SGB35585	0.00122	0.05831	0.48429	0.06334	0.0	0.0	0.0	0.00041	0.02774	0.18956	0.01899	0.00937	0.0	0.0	0.0	0.0	0.0	0.0	0.0	0.0	0.0
GGB82844_SGB114942	0.0003	0.00051	0.0006	0.0	0.00212	0.0	0.0	0.0	0.0	0.00171	0.0	0.00027	0.0	0.0	0.0	0.0	0.0	0.0	0.0	0.0	0.0
GGB32842_SGB48144	0.0	0.50316	0.12289	0.74346	0.24184	5.23186	0.63702	1.27318	0.0	0.0	0.0	0.0	0.0	0.0	0.0	0.0	0.0	0.0	0.0	0.0	0.0
GGB52312_SGB73110	0.0	0.13313	0.0	0.0	0.0	0.0	0.0	0.0	0.0	0.00416	0.0	0.0	0.0	0.0	0.0	0.0	0.0	0.0	0.0	0.0	0.0
GGB29572_SGB156734	0.0	0.08135	0.42085	0.01603	0.0	0.0	0.0	0.0	0.01943	0.10482	0.44517	0.02204	0.0	0.0	0.0	0.0	0.0	0.0	0.0	0.0	0.0
Pseudonocardia_cypriaca	0.0	0.02623	0.0	0.00527	0.0	0.0	0.0	0.0	0.0	0.0	0.0	0.0	0.0	0.0	0.0	0.0	0.0	0.0	0.0	0.0	0.0
Rhodococcus_sp_X156	0.0	0.01596	0.03041	0.02384	0.0	0.0	0.0	0.0	0.00895	0.0	0.0	0.0	0.0	0.0	0.0	0.0	0.0	0.0	0.0	0.0	0.0
Pseudonocardia_xinjiangensis	0.0	0.0128	0.0	0.0006	0.0	0.0	0.0	0.0	0.0	0.0	0.0	0.0	0.0	0.0	0.0	0.0	0.0	0.0	0.0	0.0	0.0
Devosia_sp_1566	0.0	0.00971	0.00487	0.00306	0.0	0.0	0.0	0.0	0.14224	0.0	0.0	0.0	0.0	0.0	0.0	0.0	0.0	0.0	0.0	0.0	0.0
Mycolicibacterium_arabiense	0.0	0.00889	0.0	0.0	0.0	0.0	0.0	0.0	0.0	0.0	0.0	0.0	0.0	0.0	0.0	0.0	0.0	0.0	0.0	0.0	0.0
Ornithinimicrobium_kibberense	0.0	0.00685	0.0	0.00596	0.0	0.0	0.0	0.0	0.0	0.0	0.01065	0.0	0.0	0.0	0.0	0.0	0.0	0.0	0.0	0.0	0.0
Modestobacter_sp_L9_4	0.0	0.00651	0.0	0.01096	0.0	0.0	0.0	0.0	0.0	0.0	0.0	0.0	0.0	0.0	0.0	0.0	0.0	0.0	0.0	0.0	0.0
GGB82794_SGB115017	0.0	0.00558	0.00408	0.00347	0.0	0.0	0.0	0.0	0.0	0.0	0.0	0.0	0.0	0.0	0.0	0.0	0.0	0.0	0.0	0.0	0.0
GGB92459_SGB133190	0.0	0.0039	0.0	0.0	0.0	0.0	0.0	0.0	0.0	0.0	0.0	0.0	0.0	0.0	0.0	0.0	0.0	0.0	0.0	0.0	0.0
GGB85010_SGB120842	0.0	0.0038	0.00182	0.00093	0.0	0.0	0.0	0.0	0.0	0.00043	0.0	0.0	0.0	0.0	0.0	0.0	0.0	0.0	0.0	0.0	0.0
Fibrobacter_sp_UWR4	0.0	0.00338	0.01846	0.0	0.00028	0.01224	0.00381	0.0	0.0	0.0	0.0	0.0	0.0	0.0	0.0	0.0	0.0	0.0	0.0	0.0	0.0
GGB24074_SGB35860	0.0	0.0	23.52513	0.0	0.0	0.0	0.0	0.0	0.0	0.0	0.0	0.0	0.0	0.0	0.0	0.0	0.0	0.0	0.0	0.0	0.0
GGB24082_SGB35871	0.0	0.0	2.4866	0.0	0.0	0.0	0.0	0.0	0.0	0.0	0.0	0.0	0.0	0.0	0.0	0.0	0.0	0.0	0.0	0.0	0.0
GGB123525_SGB43785	0.0	0.0	0.06252	0.08157	5.09858	0.0	0.0	0.0	0.22723	0.0	0.0	0.0	0.0	0.0	0.0	0.0	0.0	0.0	0.0	0.0	0.0
GGB30616_SGB43749	0.0	0.0	0.03875	0.0	0.0	0.09062	0.08277	0.0	0.0	0.0	0.0	0.0	0.0	0.0	0.0	0.0	0.0	0.0	0.0	0.0	0.0
Enterococcus_casseliflavus	0.0	0.0	0.03869	0.0	0.0	0.0	0.0	0.0	0.0	0.0	0.03591	0.0	0.0	0.0	0.0	0.0	0.0	0.00834	0.0	0.0	0.0
Arthrobacter_sp_zg_Y877	0.0	0.0	0.02062	0.00754	0.0	0.0	0.0	0.0	0.0996	0.0	0.0	0.0	0.0	0.0	0.0	0.0	0.01674	0.0261	0.02847	0.00681	0.0
GGB31289_SGB39196	0.0	0.0	0.01266	0.0	0.0	0.0	0.0	0.0	0.0	0.0	0.0	0.0	0.0	0.0	0.0	0.0	0.0	0.0	0.0	0.0	0.0
GGB140873_SGB24687	0.0	0.0	0.01078	0.0	0.01889	0.0	0.0	0.0	0.0	0.0	0.0	0.01622	0.0	0.0	0.0	0.0	0.0	0.0	0.0	0.0	0.0
GGB31267_SGB44574	0.0	0.0	0.00847	0.0	0.0	0.0	0.0	0.0	0.0	0.0	0.0	0.0	0.0	0.0	0.0	0.0	0.0	0.0	0.0	0.0	0.0
GGB30605_SGB43738	0.0	0.0	0.00584	0.0	0.06054	0.0	0.06444	0.0232	0.0	0.0	0.0	0.0	0.0	0.0	0.0	0.0	0.0	0.0	0.0	0.0	0.0
GGB30669_SGB114578	0.0	0.0	0.00366	0.0	0.0	0.0	0.0	0.0	0.0	0.01889	0.02838	0.0	0.0	0.0	0.0	0.0	0.0	0.0	0.0	0.0	0.0
Methanobrevibacter_gottschalkii	0.0	0.0	0.00291	0.0	0.0	0.0	0.01033	0.29637	0.0	0.0	0.0	0.0	0.0	0.0	0.0	0.0	0.0	0.0	0.0	0.0	0.0
GGB30695_SGB43841	0.0	0.0	0.00285	0.0	0.27758	0.0	0.0	0.0	0.0	0.0	0.0	0.0	0.0	0.0	0.0	0.0	0.0	0.0	0.0	0.0	0.0
GGB48513_SGB66571	0.0	0.0	0.00131	0.0	0.0	0.0	0.0	0.0	0.0	0.0	0.0	0.0	0.0	0.0	0.0	0.0	0.0	0.0	0.0	0.0	0.0
Planctomonas_deserti	0.0	0.0	0.0	0.0248	0.0	0.0	0.0	0.0	0.0	0.0	0.0	0.0	0.0	0.0	0.0	0.0	0.0	0.0	0.0	0.0	0.0
Geodermatophilus_obscurus	0.0	0.0	0.0	0.00168	0.0	0.0	0.0	0.0	0.0	0.0	0.0	0.0	0.0	0.0	0.0	0.0	0.0	0.0	0.0	0.0	0.0
Pseudomonas_knackmussii	0.0	0.0	0.0	0.0	0.0	0.0	0.0	0.0	2.78283	0.0	0.0	0.0	0.0	0.0	0.0	0.0	0.0	0.0	0.0	0.0	0.0
Stutzerimonas_zhaodongensis	0.0	0.0	0.0	0.0	0.0	0.0	0.0	0.0	2.70368	0.0	0.0	0.0	0.0	0.0	0.0	0.0	0.0	0.0	0.0	0.0	0.0
Stutzerimonas_kunmingensis	0.0	0.0	0.0	0.0	0.0	0.0	0.0	0.0	1.2871	0.0	0.0	0.0	0.0	0.0	0.0	0.0	0.0	0.0	0.0	0.0	0.0
Halopseudomonas_salina	0.0	0.0	0.0	0.0	0.0	0.0	0.0	0.0	1.0514	0.0	0.0	0.0	0.0	0.0	0.0	0.0	0.0	0.0	0.0	0.0	19.49873
Rheinheimera_lutimaris	0.0	0.0	0.0	0.0	0.0	0.0	0.0	0.0	0.71016	0.0	0.0	0.0	0.0	0.0	0.0	0.0	0.0	0.0	0.0	0.0	3.30274
Shewanella_baltica	0.0	0.0	0.0	0.0	0.0	0.0	0.0	0.0	0.47773	0.0	0.0	0.0	0.0	0.0	0.0	0.0	0.0	0.0	0.0	0.0	0.0054
Pseudorhizobium_marinum	0.0	0.0	0.0	0.0	0.0	0.0	0.0	0.0	0.44475	0.0	0.0	0.0	0.0	0.0	0.0	0.0	0.0	0.0	0.0	0.0	0.0
Arsukibacterium_tuosuense	0.0	0.0	0.0	0.0	0.0	0.0	0.0	0.0	0.35867	0.0	0.0	0.0	0.0	0.0	0.0	0.0	0.0	0.0	0.0	0.0	0.12867
GGB65791_SGB89045	0.0	0.0	0.0	0.0	0.0	0.0	0.0	0.0	0.3313	0.0	0.0	0.0	0.0	0.0	0.0	0.0	0.0	0.0	0.0	0.0	0.0
Pseudomonas_sp_MIL19	0.0	0.0	0.0	0.0	0.0	0.0	0.0	0.0	0.32859	0.0	0.0	0.0	0.0	0.0	0.0	0.0	0.0	0.0	0.0	0.0	0.00864
Halopseudomonas_nanhaiensis	0.0	0.0	0.0	0.0	0.0	0.0	0.0	0.0	0.30807	0.0	0.0	0.0	0.0	0.0	0.0	0.0	0.0	0.0	0.0	0.0	0.0
Pseudomonas_saliphila	0.0	0.0	0.0	0.0	0.0	0.0	0.0	0.0	0.25361	0.0	0.0	0.0	0.0	0.0	0.0	0.0	0.0	0.0	0.0	0.0	0.0
Devosia_sp_RR2S18	0.0	0.0	0.0	0.0	0.0	0.0	0.0	0.0	0.24984	0.0	0.0	0.0	0.0	0.0	0.0	0.0	0.0	0.0	0.0	0.0	0.0
Arsukibacterium_perlucidum	0.0	0.0	0.0	0.0	0.0	0.0	0.0	0.0	0.19533	0.0	0.0	0.0	0.0	0.0	0.0	0.0	0.0	0.0	0.0	0.0	0.0
Pseudomonas_peli	0.0	0.0	0.0	0.0	0.0	0.0	0.0	0.0	0.18894	0.0	0.0	0.0	0.0	0.0	0.0	0.0	0.0	0.0	0.0	0.0	0.03556
Planococcus_sp_4_30	0.0	0.0	0.0	0.0	0.0	0.0	0.0	0.0	0.17271	0.0	0.0	0.0	0.0	0.0	0.0	0.0	0.0	0.0	0.0	0.0	0.0
Aurantimonas_coralicida	0.0	0.0	0.0	0.0	0.0	0.0	0.0	0.0	0.16806	0.0	0.0	0.0	0.0	0.0	0.0	0.0	0.0	0.0	0.0	0.0	0.0
Psychrobacter_namhaensis	0.0	0.0	0.0	0.0	0.0	0.0	0.0	0.0	0.14645	0.0	0.0	0.0	0.0	0.0	0.0	0.0	0.0	0.0	0.0	0.0	0.0
Marinomonas_arctica	0.0	0.0	0.0	0.0	0.0	0.0	0.0	0.0	0.10578	0.0	0.0	0.0	0.0	0.0	0.0	0.0	0.0	0.0	0.0	0.0	5.14698
Agrobacterium_sp_MA01	0.0	0.0	0.0	0.0	0.0	0.0	0.0	0.0	0.10272	0.0	0.0	0.0	0.0	0.0	0.0	0.0	0.0	0.0	0.0	0.0	0.0
Stutzerimonas_stutzeri	0.0	0.0	0.0	0.0	0.0	0.0	0.0	0.0	0.09734	0.0	0.0	0.0	0.0	0.0	0.0	0.0	0.0	0.0	0.0	0.0	0.0
Pseudomonas_SGB138859	0.0	0.0	0.0	0.0	0.0	0.0	0.0	0.0	0.09188	0.0	0.0	0.0	0.0	0.0	0.0	0.0	0.0	0.0	0.0	0.0	0.0
Novilysobacter_spongiicola	0.0	0.0	0.0	0.0	0.0	0.0	0.0	0.0	0.08917	0.0	0.0	0.0	0.0	0.0	0.0	0.0	0.0	0.0	0.0	0.0	0.0
Marinomonas_hwangdonensis	0.0	0.0	0.0	0.0	0.0	0.0	0.0	0.0	0.06398	0.0	0.0	0.0	0.0	0.0	0.0	0.0	0.0	0.0	0.0	0.0	0.3024
Pseudomonas_mangrovi	0.0	0.0	0.0	0.0	0.0	0.0	0.0	0.0	0.06076	0.0	0.0	0.0	0.0	0.0	0.0	0.0	0.0	0.0	0.0	0.0	0.0
GGB8111_SGB12064	0.0	0.0	0.0	0.0	0.0	0.0	0.0	0.0	0.05305	0.0	0.0	0.0	0.0	0.0	0.0	0.0	0.0	0.0	0.0	0.0	0.22459
Rheinheimera_SGB60417	0.0	0.0	0.0	0.0	0.0	0.0	0.0	0.0	0.04582	0.0	0.0	0.0	0.0	0.0	0.0	0.0	0.0	0.0	0.0	0.0	0.0
GGB31227_SGB44527	0.0	0.0	0.0	0.0	0.0	0.0	0.0	0.0	0.04223	0.0	0.0	0.0	0.0	0.0	0.0	0.0	0.0	0.0	0.0	0.0	0.0
Ciceribacter_SGB184345	0.0	0.0	0.0	0.0	0.0	0.0	0.0	0.0	0.03964	0.0	0.0	0.0	0.0	0.0	0.0	0.0	0.0	0.0	0.0	0.0	0.0
Salinimicrobium_profundisediminis	0.0	0.0	0.0	0.0	0.0	0.0	0.0	0.0	0.03447	0.0	0.0	0.0	0.0	0.0	0.0	0.0	0.0	0.0	0.0	0.0	0.0
Flavimobilis_marinus	0.0	0.0	0.0	0.0	0.0	0.0	0.0	0.0	0.03316	0.0	0.0	0.0	0.0	0.0	0.0	0.0	0.0	0.0	0.0	0.0	0.0
GGB74495_SGB43817	0.0	0.0	0.0	0.0	0.0	0.0	0.0	0.0	0.03292	0.58791	2.49063	0.18722	0.0	0.0	0.0	0.0	0.0	0.0	0.0	0.0	0.0
Cereibacter_changlensis	0.0	0.0	0.0	0.0	0.0	0.0	0.0	0.0	0.03156	0.0	0.0	0.0	0.0	0.0	0.0	0.0	0.0	0.0	0.0	0.0	0.0
Nocardioides_dongkuii	0.0	0.0	0.0	0.0	0.0	0.0	0.0	0.0	0.03018	0.0	0.0	0.0	0.0	0.0	0.0	0.0	0.0	0.0	0.0	0.0	0.0
GGB49844_SGB69831	0.0	0.0	0.0	0.0	0.0	0.0	0.0	0.0	0.02729	0.01082	0.0	0.0	0.0	0.0	0.0	0.0	0.0	0.0	0.0	0.0	0.0
Hydrogenophaga_SGB22460	0.0	0.0	0.0	0.0	0.0	0.0	0.0	0.0	0.02625	0.0	0.0	0.0	0.0	0.0	0.0	0.0	0.0	0.0	0.0	0.0	0.0
Nocardioides_gilvus	0.0	0.0	0.0	0.0	0.0	0.0	0.0	0.0	0.02191	0.0	0.0	0.0	0.0	0.0	0.0	0.0	0.0	0.0	0.0	0.0	0.0
Rheinheimera_SGB60416	0.0	0.0	0.0	0.0	0.0	0.0	0.0	0.0	0.01961	0.0	0.0	0.0	0.0	0.0	0.0	0.0	0.0	0.0	0.0	0.0	0.0
Flavobacterium_sp_N2820	0.0	0.0	0.0	0.0	0.0	0.0	0.0	0.0	0.01825	0.0	0.0	0.0	0.0	0.0	0.0	0.0	0.0	0.0	0.0	0.0	0.0
Pseudidiomarina_mangrovi	0.0	0.0	0.0	0.0	0.0	0.0	0.0	0.0	0.01809	0.0	0.0	0.0	0.0	0.0	0.0	0.0	0.0	0.0	0.0	0.0	0.0
Planococcus_beijingensis	0.0	0.0	0.0	0.0	0.0	0.0	0.0	0.0	0.01728	0.0	0.0	0.0	0.0	0.0	0.0	0.0	0.0	0.0	0.0	0.0	0.0
Arthrobacter_jinronghuae	0.0	0.0	0.0	0.0	0.0	0.0	0.0	0.0	0.01518	0.0	0.0	0.0	0.0	0.0	0.0	0.0	0.00464	0.01241	0.01219	0.00144	0.0
Aurantimonas_sp_HBX_1	0.0	0.0	0.0	0.0	0.0	0.0	0.0	0.0	0.01495	0.0	0.0	0.0	0.0	0.0	0.0	0.0	0.0	0.0	0.0	0.0	0.0
GGB82574_SGB114566	0.0	0.0	0.0	0.0	0.0	0.0	0.0	0.0	0.01464	0.01686	0.13079	0.0	0.0	0.0	0.0	0.0	0.0	0.0	0.0	0.0	0.0
GGB31253_SGB44559	0.0	0.0	0.0	0.0	0.0	0.0	0.0	0.0	0.0127	0.0	0.03742	0.0	0.0	0.0	0.0	0.0	0.0	0.0	0.0	0.0	0.0
Nocardioides_sp_zg_DK7169	0.0	0.0	0.0	0.0	0.0	0.0	0.0	0.0	0.01269	0.0	0.0	0.0	0.0	0.0	0.0	0.0	0.0	0.0	0.0	0.0	0.0
Rheinheimera_sp_YQF_1	0.0	0.0	0.0	0.0	0.0	0.0	0.0	0.0	0.01162	0.0	0.0	0.0	0.0	0.0	0.0	0.0	0.0	0.0	0.0	0.0	0.0
Pseudomonas_anguilliseptica	0.0	0.0	0.0	0.0	0.0	0.0	0.0	0.0	0.01078	0.0	0.0	0.0	0.0	0.0	0.0	0.0	0.0	0.0	0.0	0.0	0.0
Pseudorhizobium_flavum	0.0	0.0	0.0	0.0	0.0	0.0	0.0	0.0	0.00952	0.0	0.0	0.0	0.0	0.0	0.0	0.0	0.0	0.0	0.0	0.0	0.0
Planococcus_sp_107_1	0.0	0.0	0.0	0.0	0.0	0.0	0.0	0.0	0.00951	0.0	0.0	0.0	0.0	0.0	0.0	0.0	0.0	0.0	0.0	0.0	0.0
Planomicrobium_okeanokoites	0.0	0.0	0.0	0.0	0.0	0.0	0.0	0.0	0.00893	0.0	0.0	0.0	0.0	0.0	0.0	0.0	0.0	0.0	0.0	0.0	0.0
Aeromicrobium_chenweiae	0.0	0.0	0.0	0.0	0.0	0.0	0.0	0.0	0.00766	0.0	0.0	0.0	0.0	0.0	0.0	0.0	0.0	0.0	0.0	0.0	0.0
GGB72500_SGB99713	0.0	0.0	0.0	0.0	0.0	0.0	0.0	0.0	0.00601	0.0	0.0	0.0	0.0	0.0	0.0	0.0	0.0	0.0	0.0	0.0	0.0
Aeromicrobium_wangtongii	0.0	0.0	0.0	0.0	0.0	0.0	0.0	0.0	0.00529	0.0	0.0	0.0	0.0	0.0	0.0	0.0	0.0	0.0	0.0	0.0	0.0
Mycetocola_zhujimingii	0.0	0.0	0.0	0.0	0.0	0.0	0.0	0.0	0.00465	0.0	0.0	0.0	0.0	0.0	0.0	0.0	0.0	0.0003	0.0	0.0	0.0
Shewanella_putrefaciens	0.0	0.0	0.0	0.0	0.0	0.0	0.0	0.0	0.00456	0.0	0.0	0.0	0.0	0.0	0.0	0.0	0.0	0.0	0.0	0.0	0.0
Aureimonas_glaciei	0.0	0.0	0.0	0.0	0.0	0.0	0.0	0.0	0.00405	0.0	0.0	0.0	0.0	0.0	0.0	0.0	0.0	0.0	0.0	0.0	0.0
Planococcus_citreus	0.0	0.0	0.0	0.0	0.0	0.0	0.0	0.0	0.00317	0.0	0.0	0.0	0.0	0.0	0.0	0.0	0.0	0.0	0.0	0.0	0.0
Flavobacterium_soli	0.0	0.0	0.0	0.0	0.0	0.0	0.0	0.0	0.003	0.0	0.0	0.0	0.0	0.0	0.0	0.0	0.0	0.0	0.0	0.0	0.0
Luteimonas_SGB180821	0.0	0.0	0.0	0.0	0.0	0.0	0.0	0.0	0.00297	0.0	0.0	0.0	0.0	0.0	0.0	0.0	0.0	0.0	0.0	0.0	0.0
Nocardioides_ferulae	0.0	0.0	0.0	0.0	0.0	0.0	0.0	0.0	0.0029	0.0	0.0	0.0	0.0	0.0	0.0	0.0	0.0	0.0	0.0	0.0	0.0
Arthrobacter_sp_zg_Y1110	0.0	0.0	0.0	0.0	0.0	0.0	0.0	0.0	0.00263	0.0	0.0	0.0	0.0	0.0	0.0	0.0	0.0	0.0	0.00091	0.0	0.0
Frigidibacter_albus	0.0	0.0	0.0	0.0	0.0	0.0	0.0	0.0	0.00159	0.0	0.0	0.0	0.0	0.0	0.0	0.0	0.0	0.0	0.0	0.0	0.0
Shewanella_oncorhynchi	0.0	0.0	0.0	0.0	0.0	0.0	0.0	0.0	0.00138	0.0	0.0	0.0	0.0	0.0	0.0	0.0	0.0	0.0	0.0	0.0	0.0
Arthrobacter_sp_ATA002	0.0	0.0	0.0	0.0	0.0	0.0	0.0	0.0	0.00087	0.0	0.0	0.0	0.0	0.0	0.0	0.0	0.0	7e-05	0.0	0.0	0.0
GGB24369_SGB36206	0.0	0.0	0.0	0.0	0.0	0.0	0.0	0.0	0.00058	0.0	0.0	0.0	0.0	0.0	0.0	0.0	0.0	0.0	0.0	0.0	0.0
GGB36032_SGB56813	0.0	0.0	0.0	0.0	0.0	0.0	0.0	0.0	0.00056	0.0	0.0	0.0	0.0	0.0	0.0	0.0	0.0	0.0	0.0	0.0	0.0
Rheinheimera_pleomorphica	0.0	0.0	0.0	0.0	0.0	0.0	0.0	0.0	0.00052	0.0	0.0	0.0	0.0	0.0	0.0	0.0	0.0	0.0	0.0	0.0	0.0
Arthrobacter_zhaoxinii	0.0	0.0	0.0	0.0	0.0	0.0	0.0	0.0	0.00027	0.0	0.0	0.0	0.0	0.0	0.0	0.0	0.0	0.00012	0.00286	0.0	0.0
GGB78892_SGB105353	0.0	0.0	0.0	0.0	0.30611	0.10345	0.0337	0.03631	0.00014	0.00025	0.00038	0.0109	0.0	0.0	0.0	0.0	0.0	0.0	0.0	0.0	0.0
Georgenia_faecalis	0.0	0.0	0.0	0.0	0.0	0.0	0.0	0.0	0.00013	0.0	0.0	0.0	0.0	0.0	0.0	0.0	0.00457	0.03156	0.03737	0.00896	0.0
Lachnospiraceae_bacterium_C7	0.0	0.0	0.0	0.0	0.0	0.0	0.0	0.0	0.0	0.12601	0.20312	0.03341	0.0	0.0	0.0	0.0	0.0	0.0	0.0	0.0	0.0
GGB79019_SGB117341	0.0	0.0	0.0	0.0	0.0	0.0	0.0	0.0	0.0	0.02489	0.0	0.0	0.0	0.0	0.0	0.0	0.0	0.0	0.0	0.0	0.0
GGB33539_SGB53381	0.0	0.0	0.0	0.0	0.0	0.0	0.0	0.0	0.0	0.0114	0.00289	0.0	0.0	0.0	0.0	0.0	0.0	0.0	0.0	0.0	0.0
GGB83086_SGB117129	0.0	0.0	0.0	0.0	0.0	0.0	0.0	0.0	0.0	0.0	0.59213	0.0	0.0	0.0	0.0	0.0	0.0	0.0	0.0	0.0	0.0
GGB6585_SGB9307	0.0	0.0	0.0	0.0	0.0	0.0	0.0	0.0	0.0	0.0	0.35405	0.0	0.0	0.0	0.0	0.0	0.0	0.0	0.0	0.0	0.0
GGB79055_SGB105542	0.0	0.0	0.0	0.0	0.0	0.0	0.0	0.0	0.0	0.0	0.14917	0.01297	0.0	0.0	0.0	0.0	0.0	0.01488	0.0	0.0	0.0
GGB52308_SGB73106	0.0	0.0	0.0	0.0	0.0	0.0	0.0	0.0	0.0	0.0	0.04315	0.0	0.0	0.0	0.0	0.0	0.0	0.0	0.0	0.0	0.0
Actinomyces_glycerinitolerans	0.0	0.0	0.0	0.0	0.0	0.0	0.0	0.0	0.0	0.0	0.03578	0.00399	0.0	0.0	0.0	0.0	0.0	0.01208	0.00015	0.0	0.0
Corynebacterium_marinum	0.0	0.0	0.0	0.0	0.0	0.0	0.0	0.0	0.0	0.0	0.01609	0.0	0.0	0.0	0.0	0.0	0.0	0.0	0.0	0.0	0.0
Ornithinimicrobium_pratense	0.0	0.0	0.0	0.0	0.0	0.0	0.0	0.0	0.0	0.0	0.01404	0.0	0.0	0.0	0.0	0.0	0.0	0.0	0.0	0.0	0.0
GGB63911_SGB86292	0.0	0.0	0.0	0.0	0.0	0.0	0.0	0.0	0.0	0.0	0.01064	0.0	0.0	0.0	0.0	0.0	0.0	0.0	0.0	0.0	0.0
Prevotellaceae_bacterium_KH2P17	0.0	0.0	0.0	0.0	0.0	0.0	0.0	0.0	0.0	0.0	0.00901	0.0	0.0	0.0	0.0	0.0	0.0	0.0	0.0	0.0	0.0
Kocuria_rosea	0.0	0.0	0.0	0.0	0.0	0.0	0.0	0.0	0.0	0.0	0.00491	0.0	0.0	0.0	0.0	0.0	0.0	0.0	0.0	0.0	0.0
GGB49858_SGB69847	0.0	0.0	0.0	0.0	0.0	0.0	0.0	0.0	0.0	0.0	0.00475	0.0	0.0	0.0	0.0	0.0	0.0	0.0	0.0	0.0	0.0
Pseudonocardia_sp_DSM_110487	0.0	0.0	0.0	0.0	0.0	0.0	0.0	0.0	0.0	0.0	0.00462	0.0	0.0	0.0	0.0	0.0	0.0	0.0	0.0	0.0	0.0
GGB13743_SGB14097	0.0	0.0	0.0	0.0	0.0	0.0	0.0	0.0	0.0	0.0	0.00458	0.0	0.0	0.0	0.0	0.0	0.0	0.0	0.0	0.0	0.0
GGB24069_SGB35853	0.0	0.0	0.0	0.0	0.0	0.0	0.0	0.0	0.0	0.0	0.00419	0.0	0.0	0.0	0.0	0.0	0.0	0.0	0.0	0.0	0.0
Arthrobacter_sp_RIT_PI_e	0.0	0.0	0.0	0.0	0.0	0.0	0.0	0.0	0.0	0.0	0.00238	0.0	0.0	0.0	0.0	0.0	0.0	0.0	0.0	0.0	0.0
GGB115276_SGB161772	0.0	0.0	0.0	0.0	0.0	0.0	0.0	0.0	0.0	0.0	0.0015	0.0	0.0	0.0	0.0	0.0	0.0	0.0	0.0	0.0	0.0
GGB121912_SGB151201	0.0	0.0	0.0	0.0	0.0	0.0	0.0	0.0	0.0	0.0	0.00139	0.0	0.0	0.0	0.0	0.0	0.0	0.0	0.0	0.0	0.0
GGB25967_SGB73969	0.0	0.0	0.0	0.0	0.0	0.0	0.0	0.0	0.0	0.0	0.00075	0.0	0.0	0.0	0.0	0.0	0.0	0.0	0.0	0.0	0.0
GGB24075_SGB35861	0.0	0.0	0.0	0.0	0.0	0.0	0.0	0.0	0.0	0.0	0.0	0.03906	0.0	0.0	0.0	0.0	0.0	0.0	0.0	0.0	0.0
GGB38029_SGB49188	0.0	0.0	0.0	0.0	0.0	0.0	0.0	0.0	0.0	0.0	0.0	0.01401	0.0	0.0	0.0	0.0	0.0	0.0	0.0	0.0	0.0
GGB119581_SGB202592	0.0	0.0	0.0	0.0	0.0	0.0	0.0	0.0	0.0	0.0	0.0	0.00878	0.0	0.0	0.0	0.0	0.0	0.0	0.0	0.0	0.0
GGB10665_SGB17319	0.0	0.0	0.0	0.0	0.0	0.0	0.0	0.0	0.0	0.0	0.0	0.00543	0.0	0.0	0.0	0.0	0.0	0.0	0.0	0.0	0.0
GGB112901_SGB39856	0.0	0.0	0.0	0.0	1.03299	0.04953	1.27635	1.91953	0.0	0.0	0.0	0.0	0.0	0.0	0.0	0.0	0.0	0.0	0.0	0.0	0.0
GGB23916_SGB35658	0.0	0.0	0.0	0.0	0.98189	5.12344	2.64381	10.42122	0.0	0.0	0.0	0.0	0.0	0.0	0.0	0.0	0.0	0.0	0.0	0.0	0.0
GGB49339_SGB69240	0.0	0.0	0.0	0.0	0.00422	0.0	0.0	0.0	0.0	0.0	0.0	0.0	0.0	0.0	0.0	0.0	0.0	0.0	0.0	0.0	0.0
GGB24062_SGB70421	0.0	0.0	0.0	0.0	0.0	20.89008	16.44682	0.36158	0.0	0.0	0.0	0.0	0.0	0.0	0.0	0.0	0.0	0.0	0.0	0.0	0.0
GGB51540_SGB115592	0.0	0.0	0.0	0.0	0.0	0.0	0.00561	0.00581	0.0	0.0	0.0	0.0	0.0	0.0	0.0	0.0	0.0	0.0	0.0	0.0	0.0
Phormidium_sp_FACHB_77	0.0	0.0	0.0	0.0	0.0	0.0	0.0	0.0292	0.0	0.0	0.0	0.0	0.0	0.0	0.0	0.0	0.0	0.0	0.0	0.0	0.0
Streptococcus_orisasini	0.0	0.0	0.0	0.0	0.0	0.0	0.0	0.02734	0.0	0.0	0.0	0.0	0.0	0.0	0.0	0.0	0.0	0.0	0.0	0.0	0.0
Tychonema_SGB91063	0.0	0.0	0.0	0.0	0.0	0.0	0.0	0.02324	0.0	0.0	0.0	0.0	0.0	0.0	0.0	0.0	0.0	0.0	0.0	0.0	0.0
Microcoleus_sp_FACHB_SPT15	0.0	0.0	0.0	0.0	0.0	0.0	0.0	0.01745	0.0	0.0	0.0	0.0	0.0	0.0	0.0	0.0	0.0	0.0	0.0	0.0	0.0
GGB51859_SGB72313	0.0	0.0	0.0	0.0	0.0	0.0	0.0	0.00082	0.0	0.0	0.0	0.0	0.0	0.0	0.0	0.0	0.0	0.0	0.0	0.0	0.0
Pseudoalteromonas_tetraodonis	0.0	0.0	0.0	0.0	0.0	0.0	0.0	0.0	0.0	0.0	0.0	0.0	0.0	0.0	0.0	0.0	0.0	0.0	0.0	0.0	18.80675
Oceanisphaera_marina	0.0	0.0	0.0	0.0	0.0	0.0	0.0	0.0	0.0	0.0	0.0	0.0	0.0	0.0	0.0	0.0	0.0	0.0	0.0	0.0	14.4697
Campylobacter_canadensis	0.0	0.0	0.0	0.0	0.0	0.0	0.0	0.0	0.0	0.0	0.0	0.0	0.0	0.0	0.0	0.0	0.0	0.0	0.0	0.0	6.44739
Halopseudomonas_laoshanensis	0.0	0.0	0.0	0.0	0.0	0.0	0.0	0.0	0.0	0.0	0.0	0.0	0.0	0.0	0.0	0.0	0.0	0.0	0.0	0.0	6.36252
GGB49462_SGB69384	0.0	0.0	0.0	0.0	0.0	0.0	0.0	0.0	0.0	0.0	0.0	0.0	0.0	0.0	0.0	0.0	0.0	0.0	0.0	0.0	5.5817
GGB69577_SGB93782	0.0	0.0	0.0	0.0	0.0	0.0	0.0	0.0	0.0	0.0	0.0	0.0	0.0	0.0	0.0	0.0	0.0	0.0	0.0	0.0	3.85678
Pseudoalteromonas_rhizosphaerae	0.0	0.0	0.0	0.0	0.0	0.0	0.0	0.0	0.0	0.0	0.0	0.0	0.0	0.0	0.0	0.0	0.0	0.0	0.0	0.0	3.79813
Halomonas_sp_QHL1	0.0	0.0	0.0	0.0	0.0	0.0	0.0	0.0	0.0	0.0	0.0	0.0	0.0	0.0	0.0	0.0	0.0	0.0	0.0	0.0	3.09639
Pseudoalteromonas_prydzensis	0.0	0.0	0.0	0.0	0.0	0.0	0.0	0.0	0.0	0.0	0.0	0.0	0.0	0.0	0.0	0.0	0.0	0.0	0.0	0.0	2.63994
Psychrobacter_alimentarius	0.0	0.0	0.0	0.0	0.0	0.0	0.0	0.0	0.0	0.0	0.0	0.0	0.0	0.0	0.0	0.0	0.0	0.0	0.0	0.0	2.48449
Marinomonas_polaris	0.0	0.0	0.0	0.0	0.0	0.0	0.0	0.0	0.0	0.0	0.0	0.0	0.0	0.0	0.0	0.0	0.0	0.0	0.0	0.0	1.15103
Halomonas_SGB38641	0.0	0.0	0.0	0.0	0.0	0.0	0.0	0.0	0.0	0.0	0.0	0.0	0.0	0.0	0.0	0.0	0.0	0.0	0.0	0.0	0.44123
Shewanella_profunda	0.0	0.0	0.0	0.0	0.0	0.0	0.0	0.0	0.0	0.0	0.0	0.0	0.0	0.0	0.0	0.0	0.0	0.0	0.0	0.0	0.26684
Cellvibrio_SGB60130	0.0	0.0	0.0	0.0	0.0	0.0	0.0	0.0	0.0	0.0	0.0	0.0	0.0	0.0	0.0	0.0	0.0	0.0	0.0	0.0	0.23716
Algoriphagus_locisalis	0.0	0.0	0.0	0.0	0.0	0.0	0.0	0.0	0.0	0.0	0.0	0.0	0.0	0.0	0.0	0.0	0.0	0.0	0.0	0.0	0.2348
GGB66792_SGB90437	0.0	0.0	0.0	0.0	0.0	0.0	0.0	0.0	0.0	0.0	0.0	0.0	0.0	0.0	0.0	0.0	0.0	0.0	0.0	0.0	0.20375
Nitrincola_iocasae	0.0	0.0	0.0	0.0	0.0	0.0	0.0	0.0	0.0	0.0	0.0	0.0	0.0	0.0	0.0	0.0	0.0	0.0	0.0	0.0	0.18621
Vreelandella_neptunia	0.0	0.0	0.0	0.0	0.0	0.0	0.0	0.0	0.0	0.0	0.0	0.0	0.0	0.0	0.0	0.0	0.0	0.0	0.0	0.0	0.17933
Halolactibacillus_miurensis	0.0	0.0	0.0	0.0	0.0	0.0	0.0	0.0	0.0	0.0	0.0	0.0	0.0	0.0	0.0	0.0	0.0	0.0	0.0	0.0	0.13629
Halomonas_alkaliantarctica	0.0	0.0	0.0	0.0	0.0	0.0	0.0	0.0	0.0	0.0	0.0	0.0	0.0	0.0	0.0	0.0	0.0	0.0	0.0	0.0	0.1165
Exiguobacterium_aurantiacum	0.0	0.0	0.0	0.0	0.0	0.0	0.0	0.0	0.0	0.0	0.0	0.0	0.0	0.0	0.0	0.0	0.0	0.0	0.0	0.0	0.07987
Aeromonas_salmonicida	0.0	0.0	0.0	0.0	0.0	0.0	0.0	0.0	0.0	0.0	0.0	0.0	0.0	0.0	0.0	0.0	0.0	0.0	0.0	0.0	0.06567
Alishewanella_maricola	0.0	0.0	0.0	0.0	0.0	0.0	0.0	0.0	0.0	0.0	0.0	0.0	0.0	0.0	0.0	0.0	0.0	0.0	0.0	0.0	0.04575
Vreelandella_glaciei	0.0	0.0	0.0	0.0	0.0	0.0	0.0	0.0	0.0	0.0	0.0	0.0	0.0	0.0	0.0	0.0	0.0	0.0	0.0	0.0	0.04519
Idiomarina_rhizosphaerae	0.0	0.0	0.0	0.0	0.0	0.0	0.0	0.0	0.0	0.0	0.0	0.0	0.0	0.0	0.0	0.0	0.0	0.0	0.0	0.0	0.04444
Zhongshania_aquimaris	0.0	0.0	0.0	0.0	0.0	0.0	0.0	0.0	0.0	0.0	0.0	0.0	0.0	0.0	0.0	0.0	0.0	0.0	0.0	0.0	0.04252
Vibrio_anguillarum	0.0	0.0	0.0	0.0	0.0	0.0	0.0	0.0	0.0	0.0	0.0	0.0	0.0	0.0	0.0	0.0	0.0	0.0	0.0	0.0	0.04088
Saccharospirillum_alexandrii	0.0	0.0	0.0	0.0	0.0	0.0	0.0	0.0	0.0	0.0	0.0	0.0	0.0	0.0	0.0	0.0	0.0	0.0	0.0	0.0	0.03784
GGB96018_SGB213461	0.0	0.0	0.0	0.0	0.0	0.0	0.0	0.0	0.0	0.0	0.0	0.0	0.0	0.0	0.0	0.0	0.0	0.0	0.0	0.0	0.03607
Vreelandella_titanicae	0.0	0.0	0.0	0.0	0.0	0.0	0.0	0.0	0.0	0.0	0.0	0.0	0.0	0.0	0.0	0.0	0.0	0.0	0.0	0.0	0.02327
GGB25760_SGB103249	0.0	0.0	0.0	0.0	0.0	0.0	0.0	0.0	0.0	0.0	0.0	0.0	0.0	0.0	0.0	0.0	0.0	0.0	0.0	0.0	0.01985
Salegentibacter_lacus	0.0	0.0	0.0	0.0	0.0	0.0	0.0	0.0	0.0	0.0	0.0	0.0	0.0	0.0	0.0	0.0	0.0	0.0	0.0	0.0	0.01936
Ligilactobacillus_cholophilus	0.0	0.0	0.0	0.0	0.0	0.0	0.0	0.0	0.0	0.0	0.0	0.0	0.0	0.0	0.0	0.0	0.0	0.0	0.0	0.0	0.01812
Fusobacterium_mortiferum	0.0	0.0	0.0	0.0	0.0	0.0	0.0	0.0	0.0	0.0	0.0	0.0	0.0	0.0	0.0	0.0	0.0	0.0	0.0	0.0	0.01809
Anabaena_sp_UHCC_0204	0.0	0.0	0.0	0.0	0.0	0.0	0.0	0.0	0.0	0.0	0.0	0.0	0.0	0.0	0.0	0.0	0.0	0.0	0.0	0.0	0.01732
Rheinheimera_hassiensis	0.0	0.0	0.0	0.0	0.0	0.0	0.0	0.0	0.0	0.0	0.0	0.0	0.0	0.0	0.0	0.0	0.0	0.0	0.0	0.0	0.01655
GGB78370_SGB107507	0.0	0.0	0.0	0.0	0.0	0.0	0.0	0.0	0.0	0.0	0.0	0.0	0.0	0.0	0.0	0.0	0.0	0.0	0.0	0.0	0.01603
Rheinheimera_pacifica	0.0	0.0	0.0	0.0	0.0	0.0	0.0	0.0	0.0	0.0	0.0	0.0	0.0	0.0	0.0	0.0	0.0	0.0	0.0	0.0	0.01463
Vreelandella_alkaliphila	0.0	0.0	0.0	0.0	0.0	0.0	0.0	0.0	0.0	0.0	0.0	0.0	0.0	0.0	0.0	0.0	0.0	0.0	0.0	0.0	0.01438
Halopseudomonas_pelagia	0.0	0.0	0.0	0.0	0.0	0.0	0.0	0.0	0.0	0.0	0.0	0.0	0.0	0.0	0.0	0.0	0.0	0.0	0.0	0.0	0.01269
Paracoccus_gahaiensis	0.0	0.0	0.0	0.0	0.0	0.0	0.0	0.0	0.0	0.0	0.0	0.0	0.0	0.0	0.0	0.0	0.0	0.0	0.0	0.0	0.00865
Microcella_flavibacter	0.0	0.0	0.0	0.0	0.0	0.0	0.0	0.0	0.0	0.0	0.0	0.0	0.0	0.0	0.0	0.0	0.0	0.0	0.0	0.0	0.00642
Vreelandella_maris	0.0	0.0	0.0	0.0	0.0	0.0	0.0	0.0	0.0	0.0	0.0	0.0	0.0	0.0	0.0	0.0	0.0	0.0	0.0	0.0	0.00341
Paraliobacillus_zengyii	0.0	0.0	0.0	0.0	0.0	0.0	0.0	0.0	0.0	0.0	0.0	0.0	0.0	0.0	0.0	0.0	0.0	0.0	0.0	0.0	0.00146
Helicobacter_brantae	0.0	0.0	0.0	0.0	0.0	0.0	0.0	0.0	0.0	0.0	0.0	0.0	0.0	0.0	0.0	0.0	0.0	0.0	0.0	0.0	0.00085
GGB50354_SGB95333	0.0	0.0	0.0	0.0	0.0	0.0	0.0	0.0	0.0	0.0	0.0	0.0	0.0	0.0	0.0	0.0	13.1338	0.0	0.0	0.0	0.0
GGB50444_SGB104719	0.0	0.0	0.0	0.0	0.0	0.0	0.0	0.0	0.0	0.0	0.0	0.0	0.0	0.0	0.0	0.0	8.88587	0.02065	0.00136	0.01115	0.0
GGB142839_SGB114661	0.0	0.0	0.0	0.0	0.0	0.0	0.0	0.0	0.0	0.0	0.0	0.0	0.0	0.0	0.0	0.0	6.64071	0.08208	1.82387	1.40118	0.0
GGB82184_SGB113605	0.0	0.0	0.0	0.0	0.0	0.0	0.0	0.0	0.0	0.0	0.0	0.0	0.0	0.0	0.0	0.0	5.95126	0.0	0.0	0.0	0.0
GGB56403_SGB113846	0.0	0.0	0.0	0.0	0.0	0.0	0.0	0.0	0.0	0.0	0.0	0.0	0.0	0.0	0.0	0.0	5.5676	0.34013	0.80516	0.31686	0.0
GGB143174_SGB114525	0.0	0.0	0.0	0.0	0.0	0.0	0.0	0.0	0.0	0.0	0.0	0.0	0.0	0.0	0.0	0.0	5.41272	0.0	0.0	0.0	0.0
GGB56464_SGB77877	0.0	0.0	0.0	0.0	0.0	0.0	0.0	0.0	0.0	0.0	0.0	0.0	0.0	0.0	0.0	0.0	5.12056	0.0	0.0	0.0	0.0
GGB35308_SGB77879	0.0	0.0	0.0	0.0	0.0	0.0	0.0	0.0	0.0	0.0	0.0	0.0	0.0	0.0	0.0	0.0	4.53641	1.51325	0.49299	0.87683	0.0
GGB70896_SGB95350	0.0	0.0	0.0	0.0	0.0	0.0	0.0	0.0	0.0	0.0	0.0	0.0	0.0	0.0	0.0	0.0	3.32235	0.0	0.0	0.0	0.0
GGB81703_SGB112949	0.0	0.0	0.0	0.0	0.0	0.0	0.0	0.0	0.0	0.0	0.0	0.0	0.0	0.0	0.0	0.0	2.37531	1.45268	0.09507	0.25335	0.0
GGB100629_SGB144640	0.0	0.0	0.0	0.0	0.0	0.0	0.0	0.0	0.0	0.0	0.0	0.0	0.0	0.0	0.0	0.0	1.82256	1.18255	0.59154	1.24233	0.0
GGB70897_SGB95351	0.0	0.0	0.0	0.0	0.0	0.0	0.0	0.0	0.0	0.0	0.0	0.0	0.0	0.0	0.0	0.0	1.64879	0.0	0.03826	0.0	0.0
GGB50466_SGB113174	0.0	0.0	0.0	0.0	0.0	0.0	0.0	0.0	0.0	0.0	0.0	0.0	0.0	0.0	0.0	0.0	1.60766	0.0	0.0	0.0	0.0
GGB81943_SGB112325	0.0	0.0	0.0	0.0	0.0	0.0	0.0	0.0	0.0	0.0	0.0	0.0	0.0	0.0	0.0	0.0	1.60097	0.0	0.0	0.0	0.0
GGB101751_SGB141606	0.0	0.0	0.0	0.0	0.0	0.0	0.0	0.0	0.0	0.0	0.0	0.0	0.0	0.0	0.0	0.0	1.50373	0.3096	0.31739	1.21157	0.0
GGB84082_SGB121912	0.0	0.0	0.0	0.0	0.0	0.0	0.0	0.0	0.0	0.0	0.0	0.0	0.0	0.0	0.0	0.0	1.38134	0.02694	1.31472	0.13246	0.0
GGB70881_SGB95335	0.0	0.0	0.0	0.0	0.0	0.0	0.0	0.0	0.0	0.0	0.0	0.0	0.0	0.0	0.0	0.0	1.36843	0.0	0.0	0.0	0.0
GGB76406_SGB104701	0.0	0.0	0.0	0.0	0.0	0.0	0.0	0.0	0.0	0.0	0.0	0.0	0.0	0.0	0.0	0.0	1.31983	0.0	0.02057	0.796	0.0
GGB76406_SGB113838	0.0	0.0	0.0	0.0	0.0	0.0	0.0	0.0	0.0	0.0	0.0	0.0	0.0	0.0	0.0	0.0	1.18949	0.10408	0.10533	0.03247	0.0
GGB56461_SGB77874	0.0	0.0	0.0	0.0	0.0	0.0	0.0	0.0	0.0	0.0	0.0	0.0	0.0	0.0	0.0	0.0	1.12698	0.0	0.0	0.0	0.0
GGB38298_SGB104710	0.0	0.0	0.0	0.0	0.0	0.0	0.0	0.0	0.0	0.0	0.0	0.0	0.0	0.0	0.0	0.0	1.12576	0.17625	0.11705	0.67194	0.0
GGB101188_SGB142047	0.0	0.0	0.0	0.0	0.0	0.0	0.0	0.0	0.0	0.0	0.0	0.0	0.0	0.0	0.0	0.0	1.08788	0.18334	0.76478	0.88155	0.0
GGB49965_SGB141706	0.0	0.0	0.0	0.0	0.0	0.0	0.0	0.0	0.0	0.0	0.0	0.0	0.0	0.0	0.0	0.0	1.04705	2.23014	3.08014	2.95867	0.0
GGB82769_SGB142107	0.0	0.0	0.0	0.0	0.0	0.0	0.0	0.0	0.0	0.0	0.0	0.0	0.0	0.0	0.0	0.0	0.92045	0.0	0.0	0.0	0.0
GGB68813_SGB114654	0.0	0.0	0.0	0.0	0.0	0.0	0.0	0.0	0.0	0.0	0.0	0.0	0.0	0.0	0.0	0.0	0.7165	0.30224	1.66499	2.94264	0.0
GGB42461_SGB59636	0.0	0.0	0.0	0.0	0.0	0.0	0.0	0.0	0.0	0.0	0.0	0.0	0.0	0.0	0.0	0.0	0.71534	0.0	0.0	0.03926	0.0
GGB101202_SGB142093	0.0	0.0	0.0	0.0	0.0	0.0	0.0	0.0	0.0	0.0	0.0	0.0	0.0	0.0	0.0	0.0	0.70914	0.16979	0.13759	0.12109	0.0
GGB141900_SGB77954	0.0	0.0	0.0	0.0	0.0	0.0	0.0	0.0	0.0	0.0	0.0	0.0	0.0	0.0	0.0	0.0	0.68011	0.39728	0.17022	0.40896	0.0
GGB82167_SGB113513	0.0	0.0	0.0	0.0	0.0	0.0	0.0	0.0	0.0	0.0	0.0	0.0	0.0	0.0	0.0	0.0	0.64973	0.50836	0.49211	0.45168	0.0
GGB84720_SGB120495	0.0	0.0	0.0	0.0	0.0	0.0	0.0	0.0	0.0	0.0	0.0	0.0	0.0	0.0	0.0	0.0	0.63859	0.0	0.02327	0.02318	0.0
GGB100875_SGB142623	0.0	0.0	0.0	0.0	0.0	0.0	0.0	0.0	0.0	0.0	0.0	0.0	0.0	0.0	0.0	0.0	0.57416	0.02606	7.56942	0.65562	0.0
GGB81678_SGB112929	0.0	0.0	0.0	0.0	0.0	0.0	0.0	0.0	0.0	0.0	0.0	0.0	0.0	0.0	0.0	0.0	0.55339	0.12891	0.27625	0.11698	0.0
GGB32528_SGB90638	0.0	0.0	0.0	0.0	0.0	0.0	0.0	0.0	0.0	0.0	0.0	0.0	0.0	0.0	0.0	0.0	0.48289	0.30914	0.58041	1.79507	0.0
GGB54055_SGB75239	0.0	0.0	0.0	0.0	0.0	0.0	0.0	0.0	0.0	0.0	0.0	0.0	0.0	0.0	0.0	0.0	0.46254	0.09378	0.91136	0.85956	0.0
GGB85069_SGB118923	0.0	0.0	0.0	0.0	0.0	0.0	0.0	0.0	0.0	0.0	0.0	0.0	0.0	0.0	0.0	0.0	0.41157	0.95049	0.46849	0.42441	0.0
GGB99546_SGB146856	0.0	0.0	0.0	0.0	0.0	0.0	0.0	0.0	0.0	0.0	0.0	0.0	0.0	0.0	0.0	0.0	0.39288	0.03868	0.13253	0.34404	0.0
GGB58278_SGB79929	0.0	0.0	0.0	0.0	0.0	0.0	0.0	0.0	0.0	0.0	0.0	0.0	0.0	0.0	0.0	0.0	0.37583	0.76463	2.55053	0.62312	0.0
GGB56525_SGB77939	0.0	0.0	0.0	0.0	0.0	0.0	0.0	0.0	0.0	0.0	0.0	0.0	0.0	0.0	0.0	0.0	0.30431	0.0	0.0	0.0	0.0
GGB82392_SGB113391	0.0	0.0	0.0	0.0	0.0	0.0	0.0	0.0	0.0	0.0	0.0	0.0	0.0	0.0	0.0	0.0	0.28896	0.33473	0.10015	0.15304	0.0
GGB141072_SGB112809	0.0	0.0	0.0	0.0	0.0	0.0	0.0	0.0	0.0	0.0	0.0	0.0	0.0	0.0	0.0	0.0	0.26016	0.61456	1.38035	2.71946	0.0
GGB81675_SGB112945	0.0	0.0	0.0	0.0	0.0	0.0	0.0	0.0	0.0	0.0	0.0	0.0	0.0	0.0	0.0	0.0	0.24464	0.21667	0.17991	0.46213	0.0
GGB70902_SGB104707	0.0	0.0	0.0	0.0	0.0	0.0	0.0	0.0	0.0	0.0	0.0	0.0	0.0	0.0	0.0	0.0	0.24213	0.0	1.55602	0.89659	0.0
GGB87499_SGB122201	0.0	0.0	0.0	0.0	0.0	0.0	0.0	0.0	0.0	0.0	0.0	0.0	0.0	0.0	0.0	0.0	0.22945	0.07724	0.20391	0.10417	0.0
GGB82167_SGB95340	0.0	0.0	0.0	0.0	0.0	0.0	0.0	0.0	0.0	0.0	0.0	0.0	0.0	0.0	0.0	0.0	0.20169	0.61354	0.33917	0.05916	0.0
GGB70803_SGB105517	0.0	0.0	0.0	0.0	0.0	0.0	0.0	0.0	0.0	0.0	0.0	0.0	0.0	0.0	0.0	0.0	0.19943	1.72581	0.16558	0.6744	0.0
GGB82595_SGB209578	0.0	0.0	0.0	0.0	0.0	0.0	0.0	0.0	0.0	0.0	0.0	0.0	0.0	0.0	0.0	0.0	0.18874	0.06464	0.16903	0.00796	0.0
GGB139580_SGB145650	0.0	0.0	0.0	0.0	0.0	0.0	0.0	0.0	0.0	0.0	0.0	0.0	0.0	0.0	0.0	0.0	0.18452	21.16988	0.0097	0.40052	0.0
GGB77015_SGB104874	0.0	0.0	0.0	0.0	0.0	0.0	0.0	0.0	0.0	0.0	0.0	0.0	0.0	0.0	0.0	0.0	0.17148	0.30026	0.09528	0.03443	0.0
GGB50354_SGB112869	0.0	0.0	0.0	0.0	0.0	0.0	0.0	0.0	0.0	0.0	0.0	0.0	0.0	0.0	0.0	0.0	0.16208	4.38236	1.19802	2.70014	0.0
GGB70682_SGB144953	0.0	0.0	0.0	0.0	0.0	0.0	0.0	0.0	0.0	0.0	0.0	0.0	0.0	0.0	0.0	0.0	0.16003	0.0	0.05101	0.10162	0.0
GGB99547_SGB146857	0.0	0.0	0.0	0.0	0.0	0.0	0.0	0.0	0.0	0.0	0.0	0.0	0.0	0.0	0.0	0.0	0.15867	0.06177	0.11338	1.01916	0.0
GGB86831_SGB115680	0.0	0.0	0.0	0.0	0.0	0.0	0.0	0.0	0.0	0.0	0.0	0.0	0.0	0.0	0.0	0.0	0.15563	0.0	0.0	0.00375	0.0
GGB68827_SGB163854	0.0	0.0	0.0	0.0	0.0	0.0	0.0	0.0	0.0	0.0	0.0	0.0	0.0	0.0	0.0	0.0	0.15281	0.0	0.0	0.0	0.0
GGB70878_SGB104699	0.0	0.0	0.0	0.0	0.0	0.0	0.0	0.0	0.0	0.0	0.0	0.0	0.0	0.0	0.0	0.0	0.14737	0.0	0.0	0.0	0.0
GGB59015_SGB80747	0.0	0.0	0.0	0.0	0.0	0.0	0.0	0.0	0.0	0.0	0.0	0.0	0.0	0.0	0.0	0.0	0.13678	0.0	0.0	0.0	0.0
GGB82583_SGB114547	0.0	0.0	0.0	0.0	0.0	0.0	0.0	0.0	0.0	0.0	0.0	0.0	0.0	0.0	0.0	0.0	0.12178	0.0	0.0	0.0	0.0
GGB119068_SGB203815	0.0	0.0	0.0	0.0	0.0	0.0	0.0	0.0	0.0	0.0	0.0	0.0	0.0	0.0	0.0	0.0	0.11857	0.03743	0.0	0.01068	0.0
GGB81837_SGB112442	0.0	0.0	0.0	0.0	0.0	0.0	0.0	0.0	0.0	0.0	0.0	0.0	0.0	0.0	0.0	0.0	0.11792	0.4509	0.10144	0.18367	0.0
GGB56396_SGB77807	0.0	0.0	0.0	0.0	0.0	0.0	0.0	0.0	0.0	0.0	0.0	0.0	0.0	0.0	0.0	0.0	0.1167	4.82818	0.62309	0.59776	0.0
GGB58234_SGB79885	0.0	0.0	0.0	0.0	0.0	0.0	0.0	0.0	0.0	0.0	0.0	0.0	0.0	0.0	0.0	0.0	0.11536	0.04791	0.01886	0.00988	0.0
GGB142839_SGB74007	0.0	0.0	0.0	0.0	0.0	0.0	0.0	0.0	0.0	0.0	0.0	0.0	0.0	0.0	0.0	0.0	0.11401	0.0	0.0	0.0	0.0
GGB81867_SGB112558	0.0	0.0	0.0	0.0	0.0	0.0	0.0	0.0	0.0	0.0	0.0	0.0	0.0	0.0	0.0	0.0	0.11157	0.0	1.17128	1.16375	0.0
GGB82529_SGB114696	0.0	0.0	0.0	0.0	0.0	0.0	0.0	0.0	0.0	0.0	0.0	0.0	0.0	0.0	0.0	0.0	0.10518	0.0	0.0	0.0	0.0
GGB70876_SGB95329	0.0	0.0	0.0	0.0	0.0	0.0	0.0	0.0	0.0	0.0	0.0	0.0	0.0	0.0	0.0	0.0	0.07869	0.09263	0.05312	0.09726	0.0
GGB116067_SGB118282	0.0	0.0	0.0	0.0	0.0	0.0	0.0	0.0	0.0	0.0	0.0	0.0	0.0	0.0	0.0	0.0	0.07561	0.04592	0.09701	0.0093	0.0
GGB56395_SGB113477	0.0	0.0	0.0	0.0	0.0	0.0	0.0	0.0	0.0	0.0	0.0	0.0	0.0	0.0	0.0	0.0	0.07498	0.70703	0.12539	0.07206	0.0
GGB56388_SGB77799	0.0	0.0	0.0	0.0	0.0	0.0	0.0	0.0	0.0	0.0	0.0	0.0	0.0	0.0	0.0	0.0	0.07367	0.0	0.0	0.0	0.0
GGB56310_SGB77713	0.0	0.0	0.0	0.0	0.0	0.0	0.0	0.0	0.0	0.0	0.0	0.0	0.0	0.0	0.0	0.0	0.07309	0.9609	0.0961	0.47431	0.0
GGB33039_SGB112391	0.0	0.0	0.0	0.0	0.0	0.0	0.0	0.0	0.0	0.0	0.0	0.0	0.0	0.0	0.0	0.0	0.06422	0.1352	0.07515	0.03134	0.0
GGB79095_SGB119637	0.0	0.0	0.0	0.0	0.0	0.0	0.0	0.0	0.0	0.0	0.0	0.0	0.0	0.0	0.0	0.0	0.06267	0.06618	0.00235	0.0	0.0
GGB70895_SGB95349	0.0	0.0	0.0	0.0	0.0	0.0	0.0	0.0	0.0	0.0	0.0	0.0	0.0	0.0	0.0	0.0	0.05893	0.0	0.0	0.0	0.0
GGB70900_SGB95354	0.0	0.0	0.0	0.0	0.0	0.0	0.0	0.0	0.0	0.0	0.0	0.0	0.0	0.0	0.0	0.0	0.053	0.04291	0.04209	0.04572	0.0
GGB84415_SGB120160	0.0	0.0	0.0	0.0	0.0	0.0	0.0	0.0	0.0	0.0	0.0	0.0	0.0	0.0	0.0	0.0	0.0482	0.0	0.0	0.0	0.0
GGB70534_SGB94967	0.0	0.0	0.0	0.0	0.0	0.0	0.0	0.0	0.0	0.0	0.0	0.0	0.0	0.0	0.0	0.0	0.04785	0.12662	0.02263	0.01075	0.0
GGB85456_SGB119040	0.0	0.0	0.0	0.0	0.0	0.0	0.0	0.0	0.0	0.0	0.0	0.0	0.0	0.0	0.0	0.0	0.04619	0.02679	0.07257	0.20681	0.0
GGB82590_SGB114586	0.0	0.0	0.0	0.0	0.0	0.0	0.0	0.0	0.0	0.0	0.0	0.0	0.0	0.0	0.0	0.0	0.04381	0.0	0.01853	0.05329	0.0
GGB78491_SGB104696	0.0	0.0	0.0	0.0	0.0	0.0	0.0	0.0	0.0	0.0	0.0	0.0	0.0	0.0	0.0	0.0	0.03924	0.15689	0.53453	0.06424	0.0
GGB51267_SGB94906	0.0	0.0	0.0	0.0	0.0	0.0	0.0	0.0	0.0	0.0	0.0	0.0	0.0	0.0	0.0	0.0	0.03183	0.0	0.01766	0.0396	0.0
GGB87127_SGB115985	0.0	0.0	0.0	0.0	0.0	0.0	0.0	0.0	0.0	0.0	0.0	0.0	0.0	0.0	0.0	0.0	0.0302	0.09624	0.0123	0.0	0.0
GGB78599_SGB115245	0.0	0.0	0.0	0.0	0.0	0.0	0.0	0.0	0.0	0.0	0.0	0.0	0.0	0.0	0.0	0.0	0.03017	0.0	0.0	0.0	0.0
GGB84353_SGB119988	0.0	0.0	0.0	0.0	0.0	0.0	0.0	0.0	0.0	0.0	0.0	0.0	0.0	0.0	0.0	0.0	0.02659	0.17721	0.23	0.04933	0.0
GGB76404_SGB104712	0.0	0.0	0.0	0.0	0.0	0.0	0.0	0.0	0.0	0.0	0.0	0.0	0.0	0.0	0.0	0.0	0.02632	0.49088	0.31232	0.59862	0.0
GGB69941_SGB94263	0.0	0.0	0.0	0.0	0.0	0.0	0.0	0.0	0.0	0.0	0.0	0.0	0.0	0.0	0.0	0.0	0.0255	0.0	0.0	0.0	0.0
GGB68814_SGB92824	0.0	0.0	0.0	0.0	0.0	0.0	0.0	0.0	0.0	0.0	0.0	0.0	0.0	0.0	0.0	0.0	0.02537	0.00458	0.00193	0.0	0.0
GGB79288_SGB105494	0.0	0.0	0.0	0.0	0.0	0.0	0.0	0.0	0.0	0.0	0.0	0.0	0.0	0.0	0.0	0.0	0.02449	0.01261	0.0033	0.00213	0.0
GGB86302_SGB118154	0.0	0.0	0.0	0.0	0.0	0.0	0.0	0.0	0.0	0.0	0.0	0.0	0.0	0.0	0.0	0.0	0.02211	0.205	0.36044	0.00656	0.0
GGB51267_SGB105670	0.0	0.0	0.0	0.0	0.0	0.0	0.0	0.0	0.0	0.0	0.0	0.0	0.0	0.0	0.0	0.0	0.02103	0.00037	0.00821	0.0	0.0
GGB58271_SGB120824	0.0	0.0	0.0	0.0	0.0	0.0	0.0	0.0	0.0	0.0	0.0	0.0	0.0	0.0	0.0	0.0	0.02093	0.02195	0.0	0.00613	0.0
GGB69929_SGB94251	0.0	0.0	0.0	0.0	0.0	0.0	0.0	0.0	0.0	0.0	0.0	0.0	0.0	0.0	0.0	0.0	0.02015	0.0	0.0	0.0	0.0
GGB84860_SGB120746	0.0	0.0	0.0	0.0	0.0	0.0	0.0	0.0	0.0	0.0	0.0	0.0	0.0	0.0	0.0	0.0	0.0198	0.04347	0.1633	0.38983	0.0
GGB82736_SGB94674	0.0	0.0	0.0	0.0	0.0	0.0	0.0	0.0	0.0	0.0	0.0	0.0	0.0	0.0	0.0	0.0	0.01921	0.01196	0.04455	0.03781	0.0
GGB69931_SGB94253	0.0	0.0	0.0	0.0	0.0	0.0	0.0	0.0	0.0	0.0	0.0	0.0	0.0	0.0	0.0	0.0	0.01711	0.12545	0.5951	0.15836	0.0
GGB13509_SGB119758	0.0	0.0	0.0	0.0	0.0	0.0	0.0	0.0	0.0	0.0	0.0	0.0	0.0	0.0	0.0	0.0	0.01449	0.07846	0.03819	0.01942	0.0
GGB114938_SGB116934	0.0	0.0	0.0	0.0	0.0	0.0	0.0	0.0	0.0	0.0	0.0	0.0	0.0	0.0	0.0	0.0	0.01082	0.0	0.04195	0.17222	0.0
GGB84750_SGB120577	0.0	0.0	0.0	0.0	0.0	0.0	0.0	0.0	0.0	0.0	0.0	0.0	0.0	0.0	0.0	0.0	0.01054	0.00271	0.31463	0.06493	0.0
GGB79023_SGB106661	0.0	0.0	0.0	0.0	0.0	0.0	0.0	0.0	0.0	0.0	0.0	0.0	0.0	0.0	0.0	0.0	0.00892	0.0	0.0	0.0	0.0
GGB114701_SGB157507	0.0	0.0	0.0	0.0	0.0	0.0	0.0	0.0	0.0	0.0	0.0	0.0	0.0	0.0	0.0	0.0	0.0089	0.0	0.0	0.0	0.0
GGB79082_SGB105537	0.0	0.0	0.0	0.0	0.0	0.0	0.0	0.0	0.0	0.0	0.0	0.0	0.0	0.0	0.0	0.0	0.00888	0.00204	0.00058	0.00595	0.0
GGB70675_SGB95119	0.0	0.0	0.0	0.0	0.0	0.0	0.0	0.0	0.0	0.0	0.0	0.0	0.0	0.0	0.0	0.0	0.00873	0.0	0.01618	0.00045	0.0
GGB84508_SGB119968	0.0	0.0	0.0	0.0	0.0	0.0	0.0	0.0	0.0	0.0	0.0	0.0	0.0	0.0	0.0	0.0	0.00738	0.10234	0.03734	0.01266	0.0
GGB79294_SGB105499	0.0	0.0	0.0	0.0	0.0	0.0	0.0	0.0	0.0	0.0	0.0	0.0	0.0	0.0	0.0	0.0	0.00692	0.00782	0.01394	0.02186	0.0
GGB79170_SGB105748	0.0	0.0	0.0	0.0	0.0	0.0	0.0	0.0	0.0	0.0	0.0	0.0	0.0	0.0	0.0	0.0	0.00687	0.02721	0.01274	0.02184	0.0
GGB113957_SGB158796	0.0	0.0	0.0	0.0	0.0	0.0	0.0	0.0	0.0	0.0	0.0	0.0	0.0	0.0	0.0	0.0	0.00674	0.05005	0.0082	0.02034	0.0
GGB84637_SGB120365	0.0	0.0	0.0	0.0	0.0	0.0	0.0	0.0	0.0	0.0	0.0	0.0	0.0	0.0	0.0	0.0	0.00605	0.0	0.01969	0.01961	0.0
GGB85941_SGB117675	0.0	0.0	0.0	0.0	0.0	0.0	0.0	0.0	0.0	0.0	0.0	0.0	0.0	0.0	0.0	0.0	0.00598	0.0127	0.01567	0.01121	0.0
GGB100436_SGB144569	0.0	0.0	0.0	0.0	0.0	0.0	0.0	0.0	0.0	0.0	0.0	0.0	0.0	0.0	0.0	0.0	0.00569	0.0	0.0	0.0	0.0
GGB56395_SGB104703	0.0	0.0	0.0	0.0	0.0	0.0	0.0	0.0	0.0	0.0	0.0	0.0	0.0	0.0	0.0	0.0	0.00467	0.01746	0.01822	0.02056	0.0
GGB58129_SGB79768	0.0	0.0	0.0	0.0	0.0	0.0	0.0	0.0	0.0	0.0	0.0	0.0	0.0	0.0	0.0	0.0	0.00443	0.05569	0.02344	0.01345	0.0
GGB79068_SGB105525	0.0	0.0	0.0	0.0	0.0	0.0	0.0	0.0	0.0	0.0	0.0	0.0	0.0	0.0	0.0	0.0	0.00393	0.01184	0.04593	0.01398	0.0
GGB58251_SGB79902	0.0	0.0	0.0	0.0	0.0	0.0	0.0	0.0	0.0	0.0	0.0	0.0	0.0	0.0	0.0	0.0	0.00382	0.0	0.00473	0.0	0.0
GGB86285_SGB118187	0.0	0.0	0.0	0.0	0.0	0.0	0.0	0.0	0.0	0.0	0.0	0.0	0.0	0.0	0.0	0.0	0.00352	0.00233	0.00422	0.00168	0.0
GGB79070_SGB105527	0.0	0.0	0.0	0.0	0.0	0.0	0.0	0.0	0.0	0.0	0.0	0.0	0.0	0.0	0.0	0.0	0.00323	0.06366	0.05437	0.03843	0.0
GGB58276_SGB79927	0.0	0.0	0.0	0.0	0.0	0.0	0.0	0.0	0.0	0.0	0.0	0.0	0.0	0.0	0.0	0.0	0.00322	0.0053	0.0	0.02839	0.0
GGB78744_SGB106537	0.0	0.0	0.0	0.0	0.0	0.0	0.0	0.0	0.0	0.0	0.0	0.0	0.0	0.0	0.0	0.0	0.00294	0.00329	6e-05	0.00096	0.0
GGB9241_SGB63176	0.0	0.0	0.0	0.0	0.0	0.0	0.0	0.0	0.0	0.0	0.0	0.0	0.0	0.0	0.0	0.0	0.00293	0.0	0.0	0.0	0.0
GGB70460_SGB105663	0.0	0.0	0.0	0.0	0.0	0.0	0.0	0.0	0.0	0.0	0.0	0.0	0.0	0.0	0.0	0.0	0.00266	0.0	0.02064	0.0	0.0
GGB70693_SGB95137	0.0	0.0	0.0	0.0	0.0	0.0	0.0	0.0	0.0	0.0	0.0	0.0	0.0	0.0	0.0	0.0	0.00261	0.0	0.10292	0.05238	0.0
GGB79008_SGB105482	0.0	0.0	0.0	0.0	0.0	0.0	0.0	0.0	0.0	0.0	0.0	0.0	0.0	0.0	0.0	0.0	0.00196	0.0	0.0	0.16494	0.0
GGB70526_SGB94958	0.0	0.0	0.0	0.0	0.0	0.0	0.0	0.0	0.0	0.0	0.0	0.0	0.0	0.0	0.0	0.0	0.0019	0.02249	0.0017	0.0	0.0
GGB79074_SGB105518	0.0	0.0	0.0	0.0	0.0	0.0	0.0	0.0	0.0	0.0	0.0	0.0	0.0	0.0	0.0	0.0	0.00178	0.00367	0.00046	0.00094	0.0
GGB141371_SGB116192	0.0	0.0	0.0	0.0	0.0	0.0	0.0	0.0	0.0	0.0	0.0	0.0	0.0	0.0	0.0	0.0	0.00174	0.19298	0.10674	0.04352	0.0
GGB70602_SGB105581	0.0	0.0	0.0	0.0	0.0	0.0	0.0	0.0	0.0	0.0	0.0	0.0	0.0	0.0	0.0	0.0	0.0017	0.0	0.0	0.0	0.0
GGB79217_SGB105658	0.0	0.0	0.0	0.0	0.0	0.0	0.0	0.0	0.0	0.0	0.0	0.0	0.0	0.0	0.0	0.0	0.00164	0.05649	0.10833	0.014	0.0
GGB58343_SGB79994	0.0	0.0	0.0	0.0	0.0	0.0	0.0	0.0	0.0	0.0	0.0	0.0	0.0	0.0	0.0	0.0	0.00155	0.0	0.0	0.0	0.0
GGB79268_SGB105596	0.0	0.0	0.0	0.0	0.0	0.0	0.0	0.0	0.0	0.0	0.0	0.0	0.0	0.0	0.0	0.0	0.00144	0.07362	0.04808	0.0	0.0
GGB83701_SGB121121	0.0	0.0	0.0	0.0	0.0	0.0	0.0	0.0	0.0	0.0	0.0	0.0	0.0	0.0	0.0	0.0	0.00132	0.0	0.00471	0.00156	0.0
GGB6624_SGB9359	0.0	0.0	0.0	0.0	0.0	0.0	0.0	0.0	0.0	0.0	0.0	0.0	0.0	0.0	0.0	0.0	0.00104	0.0	0.0	0.01477	0.0
GGB30811_SGB44013	0.0	0.0	0.0	0.0	0.0	0.0	0.0	0.0	0.0	0.0	0.0	0.0	0.0	0.0	0.0	0.0	0.00102	0.0	0.0	0.0	0.0
GGB70806_SGB118967	0.0	0.0	0.0	0.0	0.0	0.0	0.0	0.0	0.0	0.0	0.0	0.0	0.0	0.0	0.0	0.0	0.00091	0.0	0.0	0.0	0.0
GGB70664_SGB120473	0.0	0.0	0.0	0.0	0.0	0.0	0.0	0.0	0.0	0.0	0.0	0.0	0.0	0.0	0.0	0.0	0.0009	0.0	0.0	0.00257	0.0
GGB79455_SGB117449	0.0	0.0	0.0	0.0	0.0	0.0	0.0	0.0	0.0	0.0	0.0	0.0	0.0	0.0	0.0	0.0	0.00088	0.0	0.0	0.0	0.0
GGB79137_SGB105785	0.0	0.0	0.0	0.0	0.0	0.0	0.0	0.0	0.0	0.0	0.0	0.0	0.0	0.0	0.0	0.0	0.00078	0.49977	0.14579	0.23247	0.0
GGB79198_SGB105568	0.0	0.0	0.0	0.0	0.0	0.0	0.0	0.0	0.0	0.0	0.0	0.0	0.0	0.0	0.0	0.0	0.00072	0.00016	0.0	0.00496	0.0
GGB85060_SGB118854	0.0	0.0	0.0	0.0	0.0	0.0	0.0	0.0	0.0	0.0	0.0	0.0	0.0	0.0	0.0	0.0	0.00054	0.00041	0.00108	0.0	0.0
GGB81652_SGB112823	0.0	0.0	0.0	0.0	0.0	0.0	0.0	0.0	0.0	0.0	0.0	0.0	0.0	0.0	0.0	0.0	0.00052	0.00449	0.00195	0.00196	0.0
GGB79155_SGB105764	0.0	0.0	0.0	0.0	0.0	0.0	0.0	0.0	0.0	0.0	0.0	0.0	0.0	0.0	0.0	0.0	0.00049	0.0063	0.00256	0.00192	0.0
GGB79144_SGB105767	0.0	0.0	0.0	0.0	0.0	0.0	0.0	0.0	0.0	0.0	0.0	0.0	0.0	0.0	0.0	0.0	0.00044	0.0	0.0	0.0	0.0
GGB51338_SGB118135	0.0	0.0	0.0	0.0	0.0	0.0	0.0	0.0	0.0	0.0	0.0	0.0	0.0	0.0	0.0	0.0	0.00032	0.0	0.0	0.0	0.0
GGB79065_SGB105510	0.0	0.0	0.0	0.0	0.0	0.0	0.0	0.0	0.0	0.0	0.0	0.0	0.0	0.0	0.0	0.0	0.00032	0.03172	0.0	0.00184	0.0
GGB79100_SGB105872	0.0	0.0	0.0	0.0	0.0	0.0	0.0	0.0	0.0	0.0	0.0	0.0	0.0	0.0	0.0	0.0	0.0003	0.0	0.0	0.0	0.0
Actinobaculum_sp_313	0.0	0.0	0.0	0.0	0.0	0.0	0.0	0.0	0.0	0.0	0.0	0.0	0.0	0.0	0.0	0.0	0.00027	0.00069	0.0001	0.0	0.0
GGB82402_SGB113355	0.0	0.0	0.0	0.0	0.0	0.0	0.0	0.0	0.0	0.0	0.0	0.0	0.0	0.0	0.0	0.0	9e-05	0.0	0.00069	0.00202	0.0
GGB77040_SGB104698	0.0	0.0	0.0	0.0	0.0	0.0	0.0	0.0	0.0	0.0	0.0	0.0	0.0	0.0	0.0	0.0	0.0	6.49668	0.05349	0.53673	0.0
GGB81839_SGB112437	0.0	0.0	0.0	0.0	0.0	0.0	0.0	0.0	0.0	0.0	0.0	0.0	0.0	0.0	0.0	0.0	0.0	6.4015	2.31361	0.04948	0.0
GGB50444_SGB95352	0.0	0.0	0.0	0.0	0.0	0.0	0.0	0.0	0.0	0.0	0.0	0.0	0.0	0.0	0.0	0.0	0.0	2.28159	0.33559	0.24835	0.0
GGB82399_SGB113366	0.0	0.0	0.0	0.0	0.0	0.0	0.0	0.0	0.0	0.0	0.0	0.0	0.0	0.0	0.0	0.0	0.0	2.23256	0.0	0.0	0.0
GGB70890_SGB95344	0.0	0.0	0.0	0.0	0.0	0.0	0.0	0.0	0.0	0.0	0.0	0.0	0.0	0.0	0.0	0.0	0.0	2.06555	3.81886	2.21259	0.0
GGB77040_SGB112915	0.0	0.0	0.0	0.0	0.0	0.0	0.0	0.0	0.0	0.0	0.0	0.0	0.0	0.0	0.0	0.0	0.0	1.75964	0.2148	2.52531	0.0
GGB83989_SGB121812	0.0	0.0	0.0	0.0	0.0	0.0	0.0	0.0	0.0	0.0	0.0	0.0	0.0	0.0	0.0	0.0	0.0	1.35803	0.16313	0.0	0.0
Enterococcus_hirae	0.0	0.0	0.0	0.0	0.0	0.0	0.0	0.0	0.0	0.0	0.0	0.0	0.0	0.0	0.0	0.0	0.0	1.19227	0.0	0.0944	0.0
GGB141845_SGB112934	0.0	0.0	0.0	0.0	0.0	0.0	0.0	0.0	0.0	0.0	0.0	0.0	0.0	0.0	0.0	0.0	0.0	0.88118	0.53916	0.08267	0.0
GGB82281_SGB113827	0.0	0.0	0.0	0.0	0.0	0.0	0.0	0.0	0.0	0.0	0.0	0.0	0.0	0.0	0.0	0.0	0.0	0.85771	0.16365	0.0	0.0
GGB84122_SGB121961	0.0	0.0	0.0	0.0	0.0	0.0	0.0	0.0	0.0	0.0	0.0	0.0	0.0	0.0	0.0	0.0	0.0	0.81914	0.01222	0.15536	0.0
GGB70937_SGB70427	0.0	0.0	0.0	0.0	0.0	0.0	0.0	0.0	0.0	0.0	0.0	0.0	0.0	0.0	0.0	0.0	0.0	0.70299	0.16287	2.29319	0.0
GGB3207_SGB4233	0.0	0.0	0.0	0.0	0.0	0.0	0.0	0.0	0.0	0.0	0.0	0.0	0.0	0.0	0.0	0.0	0.0	0.68853	0.03711	0.00233	0.0
GGB76401_SGB104709	0.0	0.0	0.0	0.0	0.0	0.0	0.0	0.0	0.0	0.0	0.0	0.0	0.0	0.0	0.0	0.0	0.0	0.67602	0.03522	0.0	0.0
GGB82383_SGB113377	0.0	0.0	0.0	0.0	0.0	0.0	0.0	0.0	0.0	0.0	0.0	0.0	0.0	0.0	0.0	0.0	0.0	0.59363	0.0	0.06255	0.0
GGB33322_SGB112569	0.0	0.0	0.0	0.0	0.0	0.0	0.0	0.0	0.0	0.0	0.0	0.0	0.0	0.0	0.0	0.0	0.0	0.58944	0.05575	0.0	0.0
GGB84015_SGB121951	0.0	0.0	0.0	0.0	0.0	0.0	0.0	0.0	0.0	0.0	0.0	0.0	0.0	0.0	0.0	0.0	0.0	0.51802	0.0	0.06183	0.0
GGB56391_SGB113395	0.0	0.0	0.0	0.0	0.0	0.0	0.0	0.0	0.0	0.0	0.0	0.0	0.0	0.0	0.0	0.0	0.0	0.48086	0.12103	0.03989	0.0
GGB56389_SGB113367	0.0	0.0	0.0	0.0	0.0	0.0	0.0	0.0	0.0	0.0	0.0	0.0	0.0	0.0	0.0	0.0	0.0	0.43963	3.2422	0.1167	0.0
GGB74655_SGB82342	0.0	0.0	0.0	0.0	0.0	0.0	0.0	0.0	0.0	0.0	0.0	0.0	0.0	0.0	0.0	0.0	0.0	0.36925	0.24854	0.21049	0.0
GGB58292_SGB79943	0.0	0.0	0.0	0.0	0.0	0.0	0.0	0.0	0.0	0.0	0.0	0.0	0.0	0.0	0.0	0.0	0.0	0.30549	0.19766	0.03327	0.0
GGB84170_SGB121439	0.0	0.0	0.0	0.0	0.0	0.0	0.0	0.0	0.0	0.0	0.0	0.0	0.0	0.0	0.0	0.0	0.0	0.28307	0.05867	0.0	0.0
GGB76866_SGB104637	0.0	0.0	0.0	0.0	0.0	0.0	0.0	0.0	0.0	0.0	0.0	0.0	0.0	0.0	0.0	0.0	0.0	0.24052	0.14559	0.19453	0.0
GGB70902_SGB95359	0.0	0.0	0.0	0.0	0.0	0.0	0.0	0.0	0.0	0.0	0.0	0.0	0.0	0.0	0.0	0.0	0.0	0.22827	0.02583	0.29596	0.0
GGB70613_SGB95055	0.0	0.0	0.0	0.0	0.0	0.0	0.0	0.0	0.0	0.0	0.0	0.0	0.0	0.0	0.0	0.0	0.0	0.22234	0.08523	0.0	0.0
GGB70580_SGB95020	0.0	0.0	0.0	0.0	0.0	0.0	0.0	0.0	0.0	0.0	0.0	0.0	0.0	0.0	0.0	0.0	0.0	0.22177	0.08699	0.0	0.0
GGB41963_SGB116830	0.0	0.0	0.0	0.0	0.0	0.0	0.0	0.0	0.0	0.0	0.0	0.0	0.0	0.0	0.0	0.0	0.0	0.2062	0.00394	0.00988	0.0
GGB56402_SGB77813	0.0	0.0	0.0	0.0	0.0	0.0	0.0	0.0	0.0	0.0	0.0	0.0	0.0	0.0	0.0	0.0	0.0	0.17851	0.25094	0.24621	0.0
GGB45557_SGB119443	0.0	0.0	0.0	0.0	0.0	0.0	0.0	0.0	0.0	0.0	0.0	0.0	0.0	0.0	0.0	0.0	0.0	0.15022	0.0	0.0	0.0
Enterococcus_mundtii	0.0	0.0	0.0	0.0	0.0	0.0	0.0	0.0	0.0	0.0	0.0	0.0	0.0	0.0	0.0	0.0	0.0	0.12922	0.05814	0.0	0.0
GGB101723_SGB141593	0.0	0.0	0.0	0.0	0.0	0.0	0.0	0.0	0.0	0.0	0.0	0.0	0.0	0.0	0.0	0.0	0.0	0.11889	0.0	0.0	0.0
GGB84112_SGB122152	0.0	0.0	0.0	0.0	0.0	0.0	0.0	0.0	0.0	0.0	0.0	0.0	0.0	0.0	0.0	0.0	0.0	0.11055	0.0183	0.00484	0.0
GGB83992_SGB121824	0.0	0.0	0.0	0.0	0.0	0.0	0.0	0.0	0.0	0.0	0.0	0.0	0.0	0.0	0.0	0.0	0.0	0.09804	0.01696	0.0	0.0
GGB9179_SGB14117	0.0	0.0	0.0	0.0	0.0	0.0	0.0	0.0	0.0	0.0	0.0	0.0	0.0	0.0	0.0	0.0	0.0	0.0967	0.03558	0.70043	0.0
GGB30314_SGB43291	0.0	0.0	0.0	0.0	0.0	0.0	0.0	0.0	0.0	0.0	0.0	0.0	0.0	0.0	0.0	0.0	0.0	0.08939	0.01796	0.0	0.0
GGB76403_SGB104705	0.0	0.0	0.0	0.0	0.0	0.0	0.0	0.0	0.0	0.0	0.0	0.0	0.0	0.0	0.0	0.0	0.0	0.08402	0.05792	0.11997	0.0
GGB58285_SGB79936	0.0	0.0	0.0	0.0	0.0	0.0	0.0	0.0	0.0	0.0	0.0	0.0	0.0	0.0	0.0	0.0	0.0	0.08385	0.0	0.0	0.0
GGB68830_SGB92840	0.0	0.0	0.0	0.0	0.0	0.0	0.0	0.0	0.0	0.0	0.0	0.0	0.0	0.0	0.0	0.0	0.0	0.06984	0.02906	0.03551	0.0
GGB86289_SGB118202	0.0	0.0	0.0	0.0	0.0	0.0	0.0	0.0	0.0	0.0	0.0	0.0	0.0	0.0	0.0	0.0	0.0	0.0632	0.00394	0.00834	0.0
GGB59056_SGB114650	0.0	0.0	0.0	0.0	0.0	0.0	0.0	0.0	0.0	0.0	0.0	0.0	0.0	0.0	0.0	0.0	0.0	0.06268	0.00221	0.0	0.0
GGB78699_SGB106387	0.0	0.0	0.0	0.0	0.0	0.0	0.0	0.0	0.0	0.0	0.0	0.0	0.0	0.0	0.0	0.0	0.0	0.05003	0.01778	0.00663	0.0
GGB68831_SGB92841	0.0	0.0	0.0	0.0	0.0	0.0	0.0	0.0	0.0	0.0	0.0	0.0	0.0	0.0	0.0	0.0	0.0	0.0461	0.07206	0.02484	0.0
GGB82528_SGB114647	0.0	0.0	0.0	0.0	0.0	0.0	0.0	0.0	0.0	0.0	0.0	0.0	0.0	0.0	0.0	0.0	0.0	0.03937	0.12666	0.30128	0.0
GGB58295_SGB79946	0.0	0.0	0.0	0.0	0.0	0.0	0.0	0.0	0.0	0.0	0.0	0.0	0.0	0.0	0.0	0.0	0.0	0.0343	0.0	0.0	0.0
GGB84401_SGB120172	0.0	0.0	0.0	0.0	0.0	0.0	0.0	0.0	0.0	0.0	0.0	0.0	0.0	0.0	0.0	0.0	0.0	0.02719	0.0	0.0	0.0
GGB79028_SGB106646	0.0	0.0	0.0	0.0	0.0	0.0	0.0	0.0	0.0	0.0	0.0	0.0	0.0	0.0	0.0	0.0	0.0	0.0251	0.01584	0.00608	0.0
GGB114417_SGB121956	0.0	0.0	0.0	0.0	0.0	0.0	0.0	0.0	0.0	0.0	0.0	0.0	0.0	0.0	0.0	0.0	0.0	0.02306	0.0015	0.0	0.0
GGB70580_SGB121999	0.0	0.0	0.0	0.0	0.0	0.0	0.0	0.0	0.0	0.0	0.0	0.0	0.0	0.0	0.0	0.0	0.0	0.02176	0.0	0.0	0.0
GGB58331_SGB79982	0.0	0.0	0.0	0.0	0.0	0.0	0.0	0.0	0.0	0.0	0.0	0.0	0.0	0.0	0.0	0.0	0.0	0.02049	0.11999	0.02814	0.0
GGB84065_SGB121876	0.0	0.0	0.0	0.0	0.0	0.0	0.0	0.0	0.0	0.0	0.0	0.0	0.0	0.0	0.0	0.0	0.0	0.0182	0.0	0.0	0.0
GGB83990_SGB121820	0.0	0.0	0.0	0.0	0.0	0.0	0.0	0.0	0.0	0.0	0.0	0.0	0.0	0.0	0.0	0.0	0.0	0.01745	0.0021	0.0	0.0
GGB78754_SGB106540	0.0	0.0	0.0	0.0	0.0	0.0	0.0	0.0	0.0	0.0	0.0	0.0	0.0	0.0	0.0	0.0	0.0	0.01218	0.0	0.0	0.0
GGB83278_SGB117060	0.0	0.0	0.0	0.0	0.0	0.0	0.0	0.0	0.0	0.0	0.0	0.0	0.0	0.0	0.0	0.0	0.0	0.01065	0.03311	0.11823	0.0
GGB87324_SGB116351	0.0	0.0	0.0	0.0	0.0	0.0	0.0	0.0	0.0	0.0	0.0	0.0	0.0	0.0	0.0	0.0	0.0	0.00857	0.10211	0.05182	0.0
GGB70257_SGB94672	0.0	0.0	0.0	0.0	0.0	0.0	0.0	0.0	0.0	0.0	0.0	0.0	0.0	0.0	0.0	0.0	0.0	0.00784	0.0	0.0	0.0
Propionibacterium_ruminifibrarum	0.0	0.0	0.0	0.0	0.0	0.0	0.0	0.0	0.0	0.0	0.0	0.0	0.0	0.0	0.0	0.0	0.0	0.00725	0.02118	0.0	0.0
GGB85849_SGB143312	0.0	0.0	0.0	0.0	0.0	0.0	0.0	0.0	0.0	0.0	0.0	0.0	0.0	0.0	0.0	0.0	0.0	0.00699	0.00437	0.0	0.0
GGB58282_SGB79933	0.0	0.0	0.0	0.0	0.0	0.0	0.0	0.0	0.0	0.0	0.0	0.0	0.0	0.0	0.0	0.0	0.0	0.00667	0.02542	0.0	0.0
GGB85621_SGB119614	0.0	0.0	0.0	0.0	0.0	0.0	0.0	0.0	0.0	0.0	0.0	0.0	0.0	0.0	0.0	0.0	0.0	0.00629	0.01869	0.00111	0.0
GGB100605_SGB144646	0.0	0.0	0.0	0.0	0.0	0.0	0.0	0.0	0.0	0.0	0.0	0.0	0.0	0.0	0.0	0.0	0.0	0.00522	0.0	0.34296	0.0
GGB79221_SGB118336	0.0	0.0	0.0	0.0	0.0	0.0	0.0	0.0	0.0	0.0	0.0	0.0	0.0	0.0	0.0	0.0	0.0	0.00495	0.0	0.00054	0.0
GGB25617_SGB37587	0.0	0.0	0.0	0.0	0.0	0.0	0.0	0.0	0.0	0.0	0.0	0.0	0.0	0.0	0.0	0.0	0.0	0.00491	0.0	0.0	0.0
GGB79189_SGB105623	0.0	0.0	0.0	0.0	0.0	0.0	0.0	0.0	0.0	0.0	0.0	0.0	0.0	0.0	0.0	0.0	0.0	0.00443	0.00185	0.0	0.0
GGB58277_SGB120053	0.0	0.0	0.0	0.0	0.0	0.0	0.0	0.0	0.0	0.0	0.0	0.0	0.0	0.0	0.0	0.0	0.0	0.00416	0.0672	0.05722	0.0
GGB25880_SGB43899	0.0	0.0	0.0	0.0	0.0	0.0	0.0	0.0	0.0	0.0	0.0	0.0	0.0	0.0	0.0	0.0	0.0	0.00382	0.00225	0.0	0.0
GGB58146_SGB79785	0.0	0.0	0.0	0.0	0.0	0.0	0.0	0.0	0.0	0.0	0.0	0.0	0.0	0.0	0.0	0.0	0.0	0.0038	0.0	0.0	0.0
GGB79175_SGB105751	0.0	0.0	0.0	0.0	0.0	0.0	0.0	0.0	0.0	0.0	0.0	0.0	0.0	0.0	0.0	0.0	0.0	0.00368	0.00014	0.0074	0.0
Lachnospira_multipara	0.0	0.0	0.0	0.0	0.0	0.0	0.0	0.0	0.0	0.0	0.0	0.0	0.0	0.0	0.0	0.0	0.0	0.00361	0.0	0.00762	0.0
GGB12699_SGB19697	0.0	0.0	0.0	0.0	0.0	0.0	0.0	0.0	0.0	0.0	0.0	0.0	0.0	0.0	0.0	0.0	0.0	0.00333	0.0	0.0	0.0
GGB70579_SGB105434	0.0	0.0	0.0	0.0	0.0	0.0	0.0	0.0	0.0	0.0	0.0	0.0	0.0	0.0	0.0	0.0	0.0	0.00321	9e-05	0.0	0.0
GGB87253_SGB116151	0.0	0.0	0.0	0.0	0.0	0.0	0.0	0.0	0.0	0.0	0.0	0.0	0.0	0.0	0.0	0.0	0.0	0.00314	0.0	0.0	0.0
GGB83841_SGB121733	0.0	0.0	0.0	0.0	0.0	0.0	0.0	0.0	0.0	0.0	0.0	0.0	0.0	0.0	0.0	0.0	0.0	0.00269	0.00321	0.09773	0.0
GGB79143_SGB105777	0.0	0.0	0.0	0.0	0.0	0.0	0.0	0.0	0.0	0.0	0.0	0.0	0.0	0.0	0.0	0.0	0.0	0.00205	0.00109	0.0	0.0
GGB82167_SGB113512	0.0	0.0	0.0	0.0	0.0	0.0	0.0	0.0	0.0	0.0	0.0	0.0	0.0	0.0	0.0	0.0	0.0	0.00196	0.0	0.00063	0.0
GGB25215_SGB37148	0.0	0.0	0.0	0.0	0.0	0.0	0.0	0.0	0.0	0.0	0.0	0.0	0.0	0.0	0.0	0.0	0.0	0.00193	0.0	0.0	0.0
Denitrobacterium_detoxificans	0.0	0.0	0.0	0.0	0.0	0.0	0.0	0.0	0.0	0.0	0.0	0.0	0.0	0.0	0.0	0.0	0.0	0.00163	0.00273	0.0	0.0
GGB70773_SGB95218	0.0	0.0	0.0	0.0	0.0	0.0	0.0	0.0	0.0	0.0	0.0	0.0	0.0	0.0	0.0	0.0	0.0	0.00156	0.00863	0.00577	0.0
GGB79180_SGB105797	0.0	0.0	0.0	0.0	0.0	0.0	0.0	0.0	0.0	0.0	0.0	0.0	0.0	0.0	0.0	0.0	0.0	0.00152	0.0	0.00012	0.0
Streptococcus_pantholopis	0.0	0.0	0.0	0.0	0.0	0.0	0.0	0.0	0.0	0.0	0.0	0.0	0.0	0.0	0.0	0.0	0.0	0.00147	0.0	0.0	0.0
GGB101972_SGB145158	0.0	0.0	0.0	0.0	0.0	0.0	0.0	0.0	0.0	0.0	0.0	0.0	0.0	0.0	0.0	0.0	0.0	0.00129	0.00063	0.01398	0.0
GGB87169_SGB116211	0.0	0.0	0.0	0.0	0.0	0.0	0.0	0.0	0.0	0.0	0.0	0.0	0.0	0.0	0.0	0.0	0.0	0.00094	0.04898	0.01136	0.0
GGB86257_SGB118304	0.0	0.0	0.0	0.0	0.0	0.0	0.0	0.0	0.0	0.0	0.0	0.0	0.0	0.0	0.0	0.0	0.0	0.00072	0.0	0.0	0.0
GGB56467_SGB77880	0.0	0.0	0.0	0.0	0.0	0.0	0.0	0.0	0.0	0.0	0.0	0.0	0.0	0.0	0.0	0.0	0.0	0.00038	0.03105	0.34646	0.0
GGB81674_SGB112943	0.0	0.0	0.0	0.0	0.0	0.0	0.0	0.0	0.0	0.0	0.0	0.0	0.0	0.0	0.0	0.0	0.0	0.00016	0.00043	0.00075	0.0
GGB78741_SGB106523	0.0	0.0	0.0	0.0	0.0	0.0	0.0	0.0	0.0	0.0	0.0	0.0	0.0	0.0	0.0	0.0	0.0	0.00015	0.0	0.0	0.0
Pseudobutyrivibrio_SGB65969	0.0	0.0	0.0	0.0	0.0	0.0	0.0	0.0	0.0	0.0	0.0	0.0	0.0	0.0	0.0	0.0	0.0	0.00011	0.0	0.0	0.0
GGB56001_SGB77332	0.0	0.0	0.0	0.0	0.0	0.0	0.0	0.0	0.0	0.0	0.0	0.0	0.0	0.0	0.0	0.0	0.0	7e-05	0.0	0.0	0.0
GGB81902_SGB112378	0.0	0.0	0.0	0.0	0.0	0.0	0.0	0.0	0.0	0.0	0.0	0.0	0.0	0.0	0.0	0.0	0.0	0.0	13.97916	29.52989	0.0
GGB81857_SGB112436	0.0	0.0	0.0	0.0	0.0	0.0	0.0	0.0	0.0	0.0	0.0	0.0	0.0	0.0	0.0	0.0	0.0	0.0	13.78872	10.77726	0.0
GGB56403_SGB113848	0.0	0.0	0.0	0.0	0.0	0.0	0.0	0.0	0.0	0.0	0.0	0.0	0.0	0.0	0.0	0.0	0.0	0.0	3.09319	0.78169	0.0
GGB82282_SGB113724	0.0	0.0	0.0	0.0	0.0	0.0	0.0	0.0	0.0	0.0	0.0	0.0	0.0	0.0	0.0	0.0	0.0	0.0	2.79268	0.00479	0.0
GGB81836_SGB112438	0.0	0.0	0.0	0.0	0.0	0.0	0.0	0.0	0.0	0.0	0.0	0.0	0.0	0.0	0.0	0.0	0.0	0.0	2.51768	0.0	0.0
Campylobacter_vicugnae	0.0	0.0	0.0	0.0	0.0	0.0	0.0	0.0	0.0	0.0	0.0	0.0	0.0	0.0	0.0	0.0	0.0	0.0	1.90619	0.0	0.0
GGB78719_SGB106500	0.0	0.0	0.0	0.0	0.0	0.0	0.0	0.0	0.0	0.0	0.0	0.0	0.0	0.0	0.0	0.0	0.0	0.0	1.62695	0.08124	0.0
GGB56391_SGB113396	0.0	0.0	0.0	0.0	0.0	0.0	0.0	0.0	0.0	0.0	0.0	0.0	0.0	0.0	0.0	0.0	0.0	0.0	1.62513	0.0	0.0
GGB70419_SGB94841	0.0	0.0	0.0	0.0	0.0	0.0	0.0	0.0	0.0	0.0	0.0	0.0	0.0	0.0	0.0	0.0	0.0	0.0	1.49597	0.6563	0.0
GGB70708_SGB95152	0.0	0.0	0.0	0.0	0.0	0.0	0.0	0.0	0.0	0.0	0.0	0.0	0.0	0.0	0.0	0.0	0.0	0.0	0.84362	0.0	0.0
GGB82159_SGB113514	0.0	0.0	0.0	0.0	0.0	0.0	0.0	0.0	0.0	0.0	0.0	0.0	0.0	0.0	0.0	0.0	0.0	0.0	0.12572	0.0	0.0
GGB56465_SGB77878	0.0	0.0	0.0	0.0	0.0	0.0	0.0	0.0	0.0	0.0	0.0	0.0	0.0	0.0	0.0	0.0	0.0	0.0	0.11957	0.0	0.0
GGB81699_SGB112893	0.0	0.0	0.0	0.0	0.0	0.0	0.0	0.0	0.0	0.0	0.0	0.0	0.0	0.0	0.0	0.0	0.0	0.0	0.09014	0.1499	0.0
GGB85090_SGB160161	0.0	0.0	0.0	0.0	0.0	0.0	0.0	0.0	0.0	0.0	0.0	0.0	0.0	0.0	0.0	0.0	0.0	0.0	0.08589	0.28666	0.0
GGB84066_SGB121869	0.0	0.0	0.0	0.0	0.0	0.0	0.0	0.0	0.0	0.0	0.0	0.0	0.0	0.0	0.0	0.0	0.0	0.0	0.0609	0.49719	0.0
GGB79043_SGB106652	0.0	0.0	0.0	0.0	0.0	0.0	0.0	0.0	0.0	0.0	0.0	0.0	0.0	0.0	0.0	0.0	0.0	0.0	0.05309	0.0	0.0
GGB42461_SGB121346	0.0	0.0	0.0	0.0	0.0	0.0	0.0	0.0	0.0	0.0	0.0	0.0	0.0	0.0	0.0	0.0	0.0	0.0	0.04311	0.0	0.0
GGB83496_SGB121321	0.0	0.0	0.0	0.0	0.0	0.0	0.0	0.0	0.0	0.0	0.0	0.0	0.0	0.0	0.0	0.0	0.0	0.0	0.0243	0.00306	0.0
GGB83876_SGB121688	0.0	0.0	0.0	0.0	0.0	0.0	0.0	0.0	0.0	0.0	0.0	0.0	0.0	0.0	0.0	0.0	0.0	0.0	0.02233	0.0	0.0
GGB85672_SGB118688	0.0	0.0	0.0	0.0	0.0	0.0	0.0	0.0	0.0	0.0	0.0	0.0	0.0	0.0	0.0	0.0	0.0	0.0	0.01447	0.00727	0.0
GGB58235_SGB79886	0.0	0.0	0.0	0.0	0.0	0.0	0.0	0.0	0.0	0.0	0.0	0.0	0.0	0.0	0.0	0.0	0.0	0.0	0.01432	0.01088	0.0
GGB53080_SGB114528	0.0	0.0	0.0	0.0	0.0	0.0	0.0	0.0	0.0	0.0	0.0	0.0	0.0	0.0	0.0	0.0	0.0	0.0	0.01347	0.09695	0.0
GGB79279_SGB105586	0.0	0.0	0.0	0.0	0.0	0.0	0.0	0.0	0.0	0.0	0.0	0.0	0.0	0.0	0.0	0.0	0.0	0.0	0.01119	0.0	0.0
GGB82805_SGB114991	0.0	0.0	0.0	0.0	0.0	0.0	0.0	0.0	0.0	0.0	0.0	0.0	0.0	0.0	0.0	0.0	0.0	0.0	0.00802	0.23854	0.0
GGB70730_SGB95175	0.0	0.0	0.0	0.0	0.0	0.0	0.0	0.0	0.0	0.0	0.0	0.0	0.0	0.0	0.0	0.0	0.0	0.0	0.00416	0.04175	0.0
GGB84087_SGB121917	0.0	0.0	0.0	0.0	0.0	0.0	0.0	0.0	0.0	0.0	0.0	0.0	0.0	0.0	0.0	0.0	0.0	0.0	0.0037	0.0	0.0
GGB100853_SGB144699	0.0	0.0	0.0	0.0	0.0	0.0	0.0	0.0	0.0	0.0	0.0	0.0	0.0	0.0	0.0	0.0	0.0	0.0	0.00173	0.01514	0.0
GGB87511_SGB114648	0.0	0.0	0.0	0.0	0.0	0.0	0.0	0.0	0.0	0.0	0.0	0.0	0.0	0.0	0.0	0.0	0.0	0.0	0.00173	0.0	0.0
GGB86591_SGB115542	0.0	0.0	0.0	0.0	0.0	0.0	0.0	0.0	0.0	0.0	0.0	0.0	0.0	0.0	0.0	0.0	0.0	0.0	0.00139	0.0	0.0
GGB79232_SGB118183	0.0	0.0	0.0	0.0	0.0	0.0	0.0	0.0	0.0	0.0	0.0	0.0	0.0	0.0	0.0	0.0	0.0	0.0	0.00077	0.00132	0.0
GGB79281_SGB105585	0.0	0.0	0.0	0.0	0.0	0.0	0.0	0.0	0.0	0.0	0.0	0.0	0.0	0.0	0.0	0.0	0.0	0.0	0.00031	0.0	0.0
GGB70881_SGB112873	0.0	0.0	0.0	0.0	0.0	0.0	0.0	0.0	0.0	0.0	0.0	0.0	0.0	0.0	0.0	0.0	0.0	0.0	0.0	0.69141	0.0
GGB82782_SGB114764	0.0	0.0	0.0	0.0	0.0	0.0	0.0	0.0	0.0	0.0	0.0	0.0	0.0	0.0	0.0	0.0	0.0	0.0	0.0	0.24552	0.0
GGB79134_SGB105783	0.0	0.0	0.0	0.0	0.0	0.0	0.0	0.0	0.0	0.0	0.0	0.0	0.0	0.0	0.0	0.0	0.0	0.0	0.0	0.13426	0.0
GGB70615_SGB105505	0.0	0.0	0.0	0.0	0.0	0.0	0.0	0.0	0.0	0.0	0.0	0.0	0.0	0.0	0.0	0.0	0.0	0.0	0.0	0.10688	0.0
GGB84070_SGB121886	0.0	0.0	0.0	0.0	0.0	0.0	0.0	0.0	0.0	0.0	0.0	0.0	0.0	0.0	0.0	0.0	0.0	0.0	0.0	0.09945	0.0
GGB81676_SGB112890	0.0	0.0	0.0	0.0	0.0	0.0	0.0	0.0	0.0	0.0	0.0	0.0	0.0	0.0	0.0	0.0	0.0	0.0	0.0	0.09697	0.0
GGB32528_SGB111855	0.0	0.0	0.0	0.0	0.0	0.0	0.0	0.0	0.0	0.0	0.0	0.0	0.0	0.0	0.0	0.0	0.0	0.0	0.0	0.09016	0.0
GGB39801_SGB77736	0.0	0.0	0.0	0.0	0.0	0.0	0.0	0.0	0.0	0.0	0.0	0.0	0.0	0.0	0.0	0.0	0.0	0.0	0.0	0.08902	0.0
GGB87070_SGB146094	0.0	0.0	0.0	0.0	0.0	0.0	0.0	0.0	0.0	0.0	0.0	0.0	0.0	0.0	0.0	0.0	0.0	0.0	0.0	0.035	0.0
GGB39764_SGB47431	0.0	0.0	0.0	0.0	0.0	0.0	0.0	0.0	0.0	0.0	0.0	0.0	0.0	0.0	0.0	0.0	0.0	0.0	0.0	0.02297	0.0
GGB82540_SGB114673	0.0	0.0	0.0	0.0	0.0	0.0	0.0	0.0	0.0	0.0	0.0	0.0	0.0	0.0	0.0	0.0	0.0	0.0	0.0	0.01661	0.0
GGB59066_SGB114484	0.0	0.0	0.0	0.0	0.0	0.0	0.0	0.0	0.0	0.0	0.0	0.0	0.0	0.0	0.0	0.0	0.0	0.0	0.0	0.01537	0.0
GGB78598_SGB105092	0.0	0.0	0.0	0.0	0.0	0.0	0.0	0.0	0.0	0.0	0.0	0.0	0.0	0.0	0.0	0.0	0.0	0.0	0.0	0.01129	0.0
GGB143513_SGB105634	0.0	0.0	0.0	0.0	0.0	0.0	0.0	0.0	0.0	0.0	0.0	0.0	0.0	0.0	0.0	0.0	0.0	0.0	0.0	0.00604	0.0
GGB13198_SGB121331	0.0	0.0	0.0	0.0	0.0	0.0	0.0	0.0	0.0	0.0	0.0	0.0	0.0	0.0	0.0	0.0	0.0	0.0	0.0	0.00332	0.0
GGB84487_SGB120533	0.0	0.0	0.0	0.0	0.0	0.0	0.0	0.0	0.0	0.0	0.0	0.0	0.0	0.0	0.0	0.0	0.0	0.0	0.0	0.00173	0.0
GGB70883_SGB207928	0.0	0.0	0.0	0.0	0.0	0.0	0.0	0.0	0.0	0.0	0.0	0.0	0.0	0.0	0.0	0.0	0.0	0.0	0.0	0.00153	0.0
GGB84782_SGB120649	0.0	0.0	0.0	0.0	0.0	0.0	0.0	0.0	0.0	0.0	0.0	0.0	0.0	0.0	0.0	0.0	0.0	0.0	0.0	0.00145	0.0
GGB79235_SGB105666	0.0	0.0	0.0	0.0	0.0	0.0	0.0	0.0	0.0	0.0	0.0	0.0	0.0	0.0	0.0	0.0	0.0	0.0	0.0	0.00097	0.0
GGB86567_SGB115580	0.0	0.0	0.0	0.0	0.0	0.0	0.0	0.0	0.0	0.0	0.0	0.0	0.0	0.0	0.0	0.0	0.0	0.0	0.0	0.00033	0.0
